 ,Mean1,Mean2,Mean3,Mean4,Mean5,Mean6,Mean7,Mean8,Mean9,Mean10,Mean11,Mean12,Mean13,Mean14,Mean15,Mean16,Mean17,Mean18,Mean19,Mean20
1,115.168,111.667,113.368,115.546,111.732,118.571,106.155,106.271,106.029,105.639,105.965,113.842,110.628,109.132,106.085,107.785,112.168,112.323,109.727,109.258
2,113.867,111.353,112.339,114.352,111.348,117.570,106.007,106.079,107.317,105.642,105.915,113.001,110.028,108.968,105.918,107.145,111.541,111.838,109.220,108.955
3,112.826,111.131,111.674,113.489,110.872,115.716,105.969,105.951,109.724,105.622,106.226,112.264,109.776,108.954,105.734,106.644,111.069,111.417,108.785,108.782
4,112.033,110.877,111.029,112.801,110.598,114.007,105.878,105.831,108.942,105.673,109.314,111.585,109.418,108.804,105.566,106.194,110.636,111.025,108.449,108.600
5,111.504,111.213,113.222,112.350,110.191,112.824,105.875,106.195,108.142,108.005,109.330,111.096,109.137,108.776,105.506,105.914,110.253,110.917,108.222,108.505
6,112.775,118.770,117.037,111.900,110.750,111.861,105.849,108.355,107.540,110.140,108.685,110.644,108.943,108.685,105.386,105.696,109.853,110.711,108.447,108.675
7,118.646,119.460,115.558,114.171,112.173,111.154,105.786,108.126,107.076,109.527,108.029,110.368,108.760,108.847,105.360,105.536,109.648,110.598,110.459,110.742
8,117.197,117.649,114.045,120.399,111.908,110.583,105.808,107.459,106.604,108.962,107.430,110.116,108.684,113.000,106.065,106.019,109.391,110.540,110.308,110.796
9,115.382,116.080,112.957,118.751,111.429,110.311,105.780,107.017,106.318,108.430,107.094,109.939,108.704,114.010,108.335,108.155,109.240,110.489,109.749,110.390
10,113.922,114.738,112.000,116.686,110.793,109.923,106.283,106.715,106.215,107.824,106.726,109.742,108.636,112.795,107.806,107.643,109.026,110.333,109.207,109.839
11,112.920,113.796,111.315,115.296,110.675,109.730,108.576,106.414,106.027,107.399,106.533,109.637,108.636,111.782,107.231,107.112,108.883,110.363,108.769,109.373
12,112.078,112.853,111.155,114.143,110.266,109.622,108.438,106.181,105.912,107.024,106.290,109.547,112.735,111.053,106.758,106.548,108.754,110.373,108.470,109.080
13,111.600,112.344,116.342,113.264,110.410,109.541,107.845,105.983,107.908,106.799,106.200,109.481,114.710,110.531,106.303,106.262,108.710,110.305,108.257,108.852
14,112.493,111.859,116.368,112.736,112.178,109.335,107.363,105.898,109.579,106.529,106.079,109.437,113.751,110.005,106.053,105.874,108.655,110.226,109.355,108.661
15,118.592,111.556,114.809,112.263,111.862,113.335,106.973,105.740,108.765,106.347,106.049,109.379,112.765,109.652,105.780,105.680,108.576,110.294,110.603,108.503
16,117.396,111.291,113.563,111.941,111.513,118.680,106.747,107.329,108.025,106.195,105.975,109.404,111.887,109.392,105.574,105.474,108.508,110.681,110.024,108.376
17,115.515,110.998,112.413,115.331,110.999,117.039,106.442,108.324,107.380,106.043,105.943,109.295,111.189,109.130,105.491,106.371,108.550,115.787,109.366,108.416
18,114.055,110.873,111.630,120.486,110.540,115.134,106.221,107.784,106.934,106.015,105.922,109.255,110.580,109.024,105.382,108.138,108.501,115.753,108.905,108.481
19,112.942,110.707,111.056,118.531,110.307,113.605,106.053,107.245,106.618,105.943,105.959,111.282,110.031,108.937,106.467,107.668,108.422,114.550,108.483,110.510
20,112.210,115.114,112.859,116.606,110.276,112.522,105.953,106.828,106.248,105.863,105.897,114.865,109.705,108.876,108.290,107.045,108.407,113.640,108.233,110.800
21,111.649,120.011,116.996,115.153,112.080,111.554,105.906,106.543,106.122,105.875,105.882,114.178,109.411,108.796,107.757,106.431,108.426,112.873,108.083,110.260
22,112.532,118.275,115.689,113.897,111.862,110.956,105.896,106.322,107.899,105.765,105.879,113.279,109.055,108.631,107.098,106.046,108.421,112.144,110.219,109.778
23,118.472,116.548,114.041,113.131,111.493,110.448,105.761,106.039,109.606,105.683,105.809,112.438,108.865,108.603,106.595,105.750,108.333,111.610,110.258,109.310
24,117.196,115.046,112.871,112.565,110.969,110.023,105.761,105.852,108.812,105.732,106.837,111.642,108.799,108.662,106.200,105.538,108.307,111.290,109.468,109.018
25,115.395,114.006,112.060,112.065,110.479,109.873,105.943,105.877,108.123,105.785,109.563,111.247,108.691,108.661,105.984,105.443,108.400,111.058,109.097,108.844
26,114.053,113.145,111.371,111.902,110.208,109.647,108.171,106.000,107.492,105.742,109.078,110.842,108.563,108.631,105.779,106.992,108.263,110.764,108.633,108.664
27,113.002,112.462,111.082,117.959,110.156,114.302,108.527,108.242,106.989,105.789,108.403,110.446,108.455,109.231,105.619,107.939,108.346,110.687,108.343,108.487
28,112.225,111.952,116.120,120.140,111.952,118.662,108.030,108.186,106.644,108.070,107.802,110.177,108.405,113.794,105.522,107.438,110.811,110.583,108.107,108.539
29,111.619,111.588,116.454,117.768,112.088,116.930,107.484,107.557,106.340,110.159,107.331,109.983,108.342,113.734,105.354,106.889,112.412,110.530,109.050,110.561
30,112.826,111.240,114.833,116.100,111.488,114.968,106.980,107.046,106.140,109.525,106.910,109.761,108.269,112.565,105.322,106.327,112.034,110.319,110.468,110.806
31,118.728,111.012,113.486,114.788,111.129,113.551,106.706,106.679,107.204,108.913,106.681,109.758,108.306,111.668,105.438,105.976,111.592,110.413,109.901,110.374
32,117.316,110.994,112.539,113.843,110.629,112.385,106.481,106.402,109.745,108.428,106.458,109.583,110.188,110.927,108.027,105.790,111.134,110.362,109.264,109.893
33,115.515,117.789,111.697,113.015,110.387,111.624,106.301,106.196,109.074,107.910,106.294,109.509,114.706,110.324,108.101,105.536,110.666,110.328,108.823,109.418
34,114.090,119.621,111.121,112.414,110.071,110.918,106.122,106.025,108.225,107.441,106.173,109.397,114.066,109.899,107.393,105.506,110.267,110.288,108.416,109.146
35,112.949,117.825,113.139,112.088,111.861,110.558,106.063,105.824,107.489,107.047,106.068,109.422,113.111,109.648,106.881,107.674,109.941,110.282,108.152,108.980
36,112.152,116.260,117.063,112.523,112.021,110.118,105.945,105.758,106.960,106.764,105.999,109.357,112.083,109.215,106.370,107.899,109.541,110.185,108.093,108.623
37,111.621,114.908,115.654,119.858,111.670,109.886,105.935,107.195,106.687,106.598,106.015,109.348,111.406,109.174,106.089,107.285,109.374,110.253,110.249,108.555
38,112.588,113.927,114.203,119.488,111.129,109.697,105.894,108.392,106.439,106.361,105.965,109.316,110.757,108.937,105.826,106.732,109.291,112.444,110.317,108.589
39,118.566,113.034,112.881,117.144,110.557,114.857,105.811,107.784,106.069,106.161,105.897,111.654,110.158,108.754,105.653,106.206,109.015,116.218,109.640,110.566
40,117.332,112.308,112.035,115.650,110.354,118.784,105.776,107.292,106.006,106.069,105.866,114.891,109.757,108.760,105.583,105.937,108.925,115.257,109.106,110.883
41,115.643,111.958,111.386,114.336,110.120,116.860,105.865,106.960,106.164,106.049,105.906,114.232,109.465,108.749,105.424,105.666,108.801,114.188,108.720,110.450
42,114.046,111.561,111.208,113.579,111.547,115.090,105.784,106.552,109.183,105.971,105.865,113.242,109.305,108.770,105.765,105.466,108.788,113.389,108.402,110.016
43,113.024,111.230,116.380,112.917,112.109,113.560,105.707,106.333,109.382,105.850,105.828,112.379,109.126,108.732,108.278,105.671,108.752,112.638,108.099,109.464
44,112.256,111.024,116.315,112.367,111.726,112.359,105.733,106.195,108.515,105.888,105.902,111.723,108.895,108.598,108.062,108.018,108.572,111.966,108.672,109.193
45,111.570,110.794,114.803,112.055,111.256,111.634,105.753,106.008,107.844,105.881,108.090,111.182,108.762,112.242,107.348,107.853,108.549,111.580,110.605,108.937
46,112.629,111.780,113.468,113.636,110.870,110.979,105.961,105.890,107.154,105.919,109.500,110.774,108.709,114.295,106.757,107.249,108.477,111.181,110.149,108.731
47,118.621,119.505,112.487,120.531,110.567,110.504,108.251,106.191,106.766,105.887,108.823,110.458,108.653,113.218,106.415,106.589,108.489,111.003,109.635,108.596
48,117.335,119.069,111.577,119.038,110.140,110.112,108.446,108.351,106.491,105.806,108.161,110.098,108.414,111.964,105.973,106.119,108.343,110.764,109.074,108.403
49,115.483,117.488,111.134,117.044,111.194,109.919,107.928,108.024,106.196,105.764,107.545,110.007,108.497,111.200,105.812,105.889,108.407,110.658,108.765,108.426
50,114.099,115.840,114.661,115.480,112.225,109.642,107.394,107.476,106.038,105.767,107.115,109.823,108.324,110.514,105.647,105.618,108.259,110.477,108.405,108.268
51,112.945,114.596,116.831,114.272,111.748,111.398,107.039,107.090,106.027,105.775,106.897,109.596,111.582,110.071,105.514,105.432,108.313,110.411,108.252,108.575
52,112.114,113.655,115.355,113.386,111.273,118.618,106.712,106.673,108.701,105.673,106.608,109.616,114.607,109.662,105.353,105.968,108.325,110.421,109.994,110.815
53,111.584,112.829,113.873,112.749,110.777,117.547,106.518,106.425,109.656,105.713,106.403,109.563,113.849,109.438,105.424,108.077,108.308,110.437,110.436,110.595
54,112.352,112.261,112.728,112.376,110.469,115.651,106.214,106.223,108.859,107.502,106.328,109.437,112.990,109.232,105.279,107.727,108.328,110.352,109.767,110.171
55,118.431,111.887,111.885,111.907,110.276,114.091,106.157,106.025,108.019,110.028,106.205,109.374,112.218,109.067,106.463,107.035,108.412,110.340,109.204,109.730
56,117.372,111.362,111.195,116.080,111.004,112.744,106.045,105.827,107.287,109.533,106.040,109.343,111.318,108.865,108.316,106.497,110.139,110.309,108.718,109.292
57,115.620,111.164,111.410,120.518,112.297,111.833,105.960,105.809,106.954,109.024,106.038,109.349,110.663,108.874,107.722,106.019,112.381,110.339,108.421,109.066
58,114.176,111.087,116.620,118.405,111.821,111.199,105.906,107.165,106.523,108.400,105.924,111.788,110.218,108.807,107.163,105.803,112.297,110.174,108.261,108.738
59,113.120,116.810,116.275,116.581,111.385,110.591,105.880,108.405,106.311,107.877,105.985,114.950,109.804,108.755,106.601,105.571,111.699,110.318,108.549,108.644
60,112.252,120.053,114.717,115.033,110.857,110.298,105.872,107.836,106.104,107.442,105.934,114.208,109.513,108.721,106.215,105.440,111.148,114.273,110.602,108.481
61,111.559,118.193,113.355,114.073,110.582,109.988,105.809,107.344,106.002,107.122,105.912,113.259,109.305,108.722,105.967,105.986,110.716,116.134,110.152,108.819
62,112.461,116.642,112.458,113.215,110.296,109.744,107.095,106.933,106.529,106.772,105.895,112.447,109.016,108.616,105.718,108.116,110.365,114.961,109.395,110.985
63,118.680,115.182,111.616,112.645,110.545,109.600,108.688,106.520,109.526,106.601,105.857,111.760,108.874,108.805,105.619,107.651,109.985,114.018,108.966,110.775
64,117.506,114.063,111.112,112.301,112.184,112.930,108.267,106.316,109.097,106.474,105.858,111.239,108.709,113.109,105.490,107.026,109.719,113.119,108.637,110.253
65,115.536,113.169,114.033,111.892,111.800,118.856,107.671,106.077,108.283,106.254,106.639,110.748,108.566,113.938,105.430,106.488,109.345,112.403,108.279,109.714
66,114.155,112.634,116.976,118.148,111.430,117.271,107.209,105.933,107.637,106.225,109.567,110.504,108.546,112.780,107.045,106.123,109.271,111.926,108.056,109.435
67,113.141,112.090,115.484,120.214,110.925,115.336,106.846,105.814,107.133,106.055,109.126,110.208,108.533,111.747,108.260,105.848,109.131,111.490,109.610,109.099
68,112.186,111.584,113.957,117.792,110.522,113.722,106.529,105.909,106.622,105.995,108.353,109.977,108.411,110.972,107.620,105.583,108.925,111.066,110.449,108.782
69,111.568,111.396,112.857,116.157,110.200,112.636,106.385,108.204,106.457,105.896,107.867,109.857,110.696,110.420,107.118,105.497,108.813,111.006,109.823,108.633
70,112.622,116.745,111.993,114.737,110.314,111.736,106.258,108.116,106.170,105.844,107.379,109.639,114.661,109.996,106.528,106.564,108.760,110.778,109.191,108.514
71,118.524,120.053,111.245,113.840,112.125,111.093,106.064,107.554,106.989,105.784,106.983,109.587,113.846,109.555,106.131,108.085,108.693,110.597,108.768,108.594
72,117.350,118.398,111.264,113.015,112.039,110.624,106.024,107.090,109.755,105.731,106.663,109.498,112.915,109.267,105.982,107.535,108.539,110.523,108.497,110.721
73,115.414,116.706,116.412,112.373,111.519,110.098,105.856,106.666,109.043,105.692,106.363,109.332,111.921,109.074,105.731,106.858,108.553,110.427,108.104,110.777
74,114.028,115.335,116.333,112.054,111.006,109.943,105.866,106.400,108.286,105.735,106.306,109.418,111.365,108.977,105.489,106.441,108.520,110.455,108.397,110.373
75,112.951,114.195,114.745,112.848,110.531,109.674,105.832,106.188,107.613,105.659,106.223,109.450,110.622,108.887,105.526,106.061,108.451,110.397,110.516,109.788
76,112.167,113.345,113.402,120.107,110.268,112.610,105.720,106.011,107.050,105.553,106.082,109.241,110.207,108.854,105.410,105.808,108.475,110.308,110.175,109.399
77,111.518,112.532,112.353,119.215,110.283,118.922,105.747,105.832,106.696,105.605,105.952,111.628,109.735,108.695,105.371,105.597,108.496,110.356,109.495,109.017
78,112.616,112.103,111.638,117.242,112.123,117.310,106.313,105.823,106.426,105.734,106.037,114.892,109.460,108.698,105.426,105.402,108.427,110.962,109.008,108.922
79,118.710,111.718,111.003,115.601,111.941,115.470,108.580,107.234,106.193,108.993,105.912,114.184,109.254,108.678,107.925,107.167,108.340,116.042,108.581,108.675
80,117.246,111.323,113.967,114.323,111.426,113.747,108.285,108.285,106.052,109.956,105.883,113.107,108.897,108.678,108.082,107.959,108.311,115.576,108.257,108.493
81,115.503,115.340,116.965,113.490,110.996,112.678,107.834,107.752,107.873,109.393,105.856,112.365,108.771,108.659,107.534,107.403,108.400,114.506,108.092,108.606
82,114.084,120.441,115.453,112.840,110.613,111.767,107.371,107.260,109.730,108.802,105.926,111.827,108.726,111.044,106.881,106.868,108.408,113.720,109.389,110.805
83,113.011,118.926,114.062,112.392,110.382,111.106,106.971,106.840,108.840,108.224,105.859,111.157,108.570,114.238,106.452,106.391,108.365,112.792,110.521,110.888
84,112.233,117.189,112.847,112.052,110.190,110.649,106.616,106.563,108.146,107.819,105.887,110.728,108.543,113.348,106.200,105.957,108.726,112.244,110.002,110.358
85,111.593,115.651,112.017,115.227,111.973,110.324,106.437,106.259,107.446,107.352,105.859,110.488,108.468,112.206,105.913,105.776,112.103,111.778,109.498,109.902
86,112.722,114.483,111.358,120.728,112.062,109.948,106.241,106.024,106.924,107.077,107.044,110.167,109.799,111.311,105.731,105.582,112.456,111.384,109.093,109.483
87,118.669,113.553,111.274,118.702,111.497,109.766,106.117,105.995,106.643,106.896,109.551,109.946,114.838,110.678,105.614,105.522,112.030,111.046,108.732,109.096
88,117.397,112.869,116.478,116.740,111.163,109.611,106.003,105.850,106.418,106.682,109.069,109.902,114.438,110.228,105.528,107.623,111.519,110.933,108.466,108.871
89,115.589,112.309,116.332,115.304,110.735,110.401,105.942,105.886,106.117,106.448,108.343,109.698,113.411,109.825,105.592,107.863,110.946,110.741,108.391,108.639
90,114.202,111.776,114.757,114.141,110.326,118.127,105.871,107.958,106.024,106.329,107.806,109.582,112.405,109.594,108.040,107.369,110.474,110.586,110.438,108.551
91,113.154,111.546,113.544,113.338,110.106,117.994,105.836,108.315,105.925,106.147,107.326,109.570,111.630,109.306,108.074,106.932,110.191,110.468,110.464,108.409
92,112.183,112.591,112.474,112.706,111.672,115.944,105.763,107.680,107.869,106.026,106.898,109.436,110.905,109.054,107.425,106.244,109.815,110.388,109.726,108.328
93,111.610,120.084,111.572,112.241,112.062,114.347,105.739,107.166,109.584,105.900,106.618,109.347,110.310,108.914,106.798,105.947,109.515,110.261,109.121,108.177
94,112.515,119.436,111.142,112.045,111.688,113.088,107.122,106.801,108.736,105.879,106.444,109.407,109.945,108.994,106.435,105.802,109.371,110.427,108.782,108.368
95,118.505,117.560,112.625,116.781,111.183,112.103,108.682,106.496,108.092,105.878,106.356,109.361,109.567,108.872,106.138,105.572,109.196,110.333,108.477,110.397
96,117.538,116.121,117.015,120.364,110.664,111.339,108.207,106.296,107.421,105.801,106.205,109.331,109.272,108.765,105.903,105.448,109.046,113.973,108.184,110.693
97,115.691,114.819,115.810,118.183,110.322,110.848,107.641,106.081,106.926,105.752,106.122,109.332,109.052,108.715,105.751,107.523,108.924,116.356,109.031,110.256
98,114.191,113.774,114.257,116.479,110.216,110.389,107.208,105.942,106.631,105.752,106.081,111.477,108.967,109.255,105.490,107.911,108.924,115.191,110.676,109.872
99,113.072,113.002,113.124,114.977,111.120,110.024,106.855,105.802,106.308,105.702,105.970,114.961,108.859,113.670,105.378,107.317,108.829,114.146,110.056,109.410
100,112.308,112.412,112.180,114.051,112.146,109.853,106.587,106.087,106.111,105.643,105.871,114.233,108.756,114.017,105.433,106.781,108.673,113.289,109.386,109.084
101,111.673,112.002,111.472,113.278,111.765,109.705,106.384,108.304,106.033,105.705,105.941,113.273,108.621,112.759,105.264,106.297,108.636,112.504,108.976,108.819
102,112.016,111.597,111.021,112.624,111.270,109.878,106.258,108.119,106.059,105.686,105.879,112.502,108.581,111.856,105.770,105.999,108.582,111.980,108.633,108.665
103,118.207,111.330,115.522,112.202,110.848,117.019,106.085,107.618,108.917,105.663,105.878,111.768,109.144,111.071,108.142,105.753,108.558,111.551,108.303,108.560
104,117.583,111.157,116.668,112.192,110.492,118.242,106.008,107.089,109.396,105.714,105.888,111.307,114.279,110.449,107.866,105.474,108.481,111.236,108.190,108.509
105,115.856,112.843,115.090,119.052,110.169,116.455,105.946,106.720,108.557,109.027,105.921,110.844,114.388,110.014,107.260,105.426,108.470,110.965,110.002,109.227
106,114.323,120.115,113.759,119.853,110.817,114.648,105.837,106.494,107.897,110.060,105.913,110.445,113.366,109.669,106.839,107.411,108.416,110.874,110.420,111.117
107,113.113,119.211,112.741,117.702,112.232,113.306,105.859,106.191,107.262,109.489,105.860,110.264,112.460,109.393,106.432,107.964,108.468,110.654,109.816,110.644
108,112.353,117.438,111.887,116.058,111.834,112.244,105.769,106.008,106.825,108.911,106.493,110.000,111.668,109.144,106.086,107.331,108.392,110.575,109.214,110.137
109,111.583,115.753,111.123,114.674,111.205,111.358,105.770,105.797,106.446,108.437,109.429,109.747,110.889,108.973,105.876,106.785,108.331,110.413,108.658,109.613
110,111.846,114.579,111.809,113.799,110.930,110.878,105.775,105.844,106.303,108.060,109.161,109.692,110.371,108.882,105.647,106.268,108.425,110.459,108.444,109.337
111,118.060,113.674,116.917,113.062,110.535,110.405,106.612,107.178,106.066,107.597,108.438,109.583,109.916,108.852,105.608,106.006,108.283,110.347,108.236,108.947
112,117.779,112.886,116.049,112.434,110.151,110.013,108.649,108.290,105.915,107.084,107.816,109.555,109.506,108.771,105.357,105.723,108.400,110.335,108.506,108.805
113,115.945,112.319,114.637,112.207,110.334,109.904,108.301,107.782,106.895,106.960,107.342,109.472,109.303,108.706,105.910,105.537,108.329,110.353,110.523,108.633
114,114.313,111.943,113.329,113.075,112.086,109.737,107.780,107.346,109.682,106.681,107.015,109.392,109.210,108.733,108.334,105.603,108.329,110.389,110.198,108.505
115,113.227,111.534,112.335,120.073,111.928,109.544,107.313,106.910,109.091,106.453,106.759,109.395,108.985,108.670,107.920,107.826,108.258,110.646,109.461,108.552
116,112.329,111.250,111.533,119.250,111.415,109.426,106.835,106.525,108.194,106.257,106.431,109.339,108.746,108.565,107.310,107.868,110.269,115.594,108.996,110.727
117,111.700,110.978,110.992,117.231,110.903,109.330,106.570,106.319,107.630,106.194,106.330,109.221,108.767,112.002,106.745,107.204,112.396,115.888,108.605,110.827
118,111.720,110.840,114.531,115.677,110.643,113.450,106.416,106.097,107.088,106.035,106.172,109.318,108.600,114.237,106.354,106.719,112.159,114.805,108.308,110.353
119,118.054,113.585,116.826,114.385,110.262,118.637,106.227,105.965,106.710,105.976,106.107,109.283,108.513,113.208,106.029,106.231,111.696,113.783,108.072,109.824
120,117.864,120.124,115.367,113.565,110.192,116.998,106.079,105.802,106.359,105.840,106.058,111.943,109.328,112.177,105.804,105.868,111.235,112.936,109.662,109.430
121,115.954,118.835,113.972,112.837,111.992,115.204,106.010,105.880,106.194,105.893,105.983,114.915,114.588,111.269,105.615,105.723,110.719,112.266,110.735,109.113
122,114.413,117.077,112.819,112.337,111.985,113.637,105.924,108.074,106.112,105.829,105.989,114.157,114.432,110.640,105.514,105.464,110.408,111.844,110.051,108.842
123,113.377,115.620,111.958,112.013,111.588,112.601,105.863,108.197,106.088,105.822,105.930,113.188,113.431,110.206,105.482,105.629,109.931,111.409,109.393,108.619
124,112.424,114.403,111.312,114.820,111.106,111.664,105.818,107.683,109.048,105.800,105.925,112.323,112.479,109.756,105.375,107.882,109.787,111.124,108.951,108.588
125,111.801,113.519,111.268,120.671,110.766,111.021,105.748,107.197,109.569,105.828,105.914,111.758,111.762,109.486,105.379,107.822,109.391,110.843,108.588,108.396
126,111.680,112.779,116.408,118.906,110.300,110.587,105.766,106.764,108.695,105.617,105.857,111.194,111.046,109.272,105.205,107.231,109.308,110.781,108.333,109.332
127,117.741,112.221,116.445,116.836,110.179,110.166,105.786,106.442,107.914,105.649,105.848,110.842,110.497,109.126,106.716,106.673,109.143,110.569,108.410,111.076
128,117.962,111.755,114.835,115.390,111.712,109.902,105.772,106.231,107.288,105.825,105.856,110.441,110.092,109.031,108.320,106.282,109.013,110.531,110.402,110.650
129,116.060,111.377,113.483,114.200,112.022,109.676,107.819,105.970,106.843,109.357,105.817,110.129,109.643,108.859,107.775,105.917,108.788,110.413,110.197,110.084
130,114.555,111.283,112.538,113.375,111.603,109.986,108.597,105.948,106.523,109.973,105.921,110.028,109.321,108.813,107.105,105.705,108.715,110.447,109.637,109.650
131,113.430,111.110,111.705,112.809,111.129,117.127,108.115,105.874,106.357,109.379,108.314,109.813,109.119,108.793,106.709,105.502,108.663,110.352,109.068,109.286
132,112.488,117.765,111.136,112.254,110.761,118.320,107.595,106.819,106.256,108.898,109.543,109.679,108.882,108.655,106.332,105.685,108.642,110.306,108.655,108.940
133,111.818,119.932,113.268,111.952,110.322,116.388,107.124,108.433,108.904,108.345,108.866,109.603,108.686,109.827,106.037,107.921,108.497,110.264,108.380,108.727
134,111.514,118.179,117.121,116.514,110.103,114.669,106.813,107.981,109.615,107.827,108.263,109.557,108.669,114.161,105.782,107.809,108.480,110.304,108.218,108.600
135,117.046,116.373,115.672,120.319,111.445,113.157,106.484,107.424,108.678,107.489,107.612,109.479,108.596,113.712,105.720,107.299,108.523,111.130,108.864,108.456
136,118.210,115.171,114.088,118.200,112.243,112.174,106.320,106.951,107.934,107.054,107.120,109.342,111.735,112.486,105.430,106.660,108.314,116.165,110.468,108.398
137,116.230,114.026,113.004,116.300,111.691,111.493,106.085,106.609,107.304,106.752,106.749,109.368,114.947,111.582,105.387,106.202,108.402,115.586,109.994,110.457
138,114.577,113.169,112.125,115.066,111.183,110.863,106.067,106.335,106.840,106.590,106.611,109.341,114.079,110.889,107.350,105.853,108.362,114.571,109.368,110.870
139,113.410,112.499,111.488,114.007,110.786,110.425,106.000,106.143,106.602,106.376,106.435,109.310,113.029,110.351,108.259,105.672,108.378,113.528,108.918,110.399
140,112.578,111.978,111.195,113.235,110.477,110.135,105.931,106.021,106.324,106.280,106.317,109.385,112.202,110.013,107.700,105.526,108.322,112.770,108.523,109.924
141,111.866,111.610,116.211,112.602,110.156,109.950,105.870,105.927,106.122,106.146,106.221,109.277,111.374,109.615,107.085,105.926,108.419,112.258,108.330,109.499
142,111.403,111.395,116.556,112.232,110.888,112.050,105.815,105.866,105.946,105.993,106.031,109.285,110.706,109.323,106.574,108.032,108.412,111.718,108.048,109.148
143,116.472,111.128,114.838,112.130,112.078,118.979,105.751,107.868,106.332,105.891,105.995,109.243,110.195,109.129,106.171,107.780,109.877,111.280,109.879,108.788
144,118.294,110.972,113.601,119.245,111.851,117.672,105.763,108.269,109.478,105.921,105.955,110.692,109.787,109.041,106.028,107.125,112.361,110.988,110.330,108.674
145,116.346,110.867,112.591,119.754,111.395,115.683,105.735,107.692,109.264,105.884,105.961,114.773,109.446,108.978,105.770,106.597,112.285,110.878,109.730,108.573
146,114.763,110.769,111.735,117.546,110.891,114.158,105.752,107.187,108.381,105.864,105.864,114.342,109.152,108.828,105.609,106.199,111.788,110.675,109.204,108.471
147,113.519,116.013,111.202,115.859,110.501,112.887,105.740,106.873,107.770,105.746,105.938,113.425,108.959,108.807,105.486,105.902,111.280,110.626,108.713,109.443
148,112.473,119.673,112.445,114.606,110.259,111.940,105.643,106.433,107.145,105.693,105.810,112.525,108.761,108.695,105.407,105.592,110.817,110.481,108.407,111.012
149,111.915,118.125,117.063,113.768,110.344,111.360,107.127,106.237,106.775,105.686,105.905,111.894,108.684,108.741,105.381,105.403,110.344,110.348,108.178,110.584
150,111.405,116.442,115.886,113.004,112.090,110.814,108.649,106.124,106.503,105.744,105.898,111.293,108.718,108.703,105.457,106.011,110.029,110.394,108.422,110.078
151,115.236,115.229,114.470,112.403,111.940,110.361,108.113,105.957,106.276,105.733,107.458,110.882,108.602,109.405,107.528,107.974,109.742,110.340,110.494,109.648
152,118.585,114.019,113.148,112.102,111.486,110.151,107.683,105.833,107.965,105.736,109.576,110.419,108.614,113.847,108.129,107.669,109.436,110.263,110.175,109.332
153,116.654,113.217,112.230,113.015,110.994,109.918,107.224,106.151,109.850,105.792,109.023,110.294,110.337,113.835,107.498,107.173,109.248,110.267,109.573,108.953
154,115.046,112.589,111.501,120.078,110.592,109.801,106.831,108.267,108.954,105.795,108.342,110.049,114.809,112.681,106.890,106.597,109.129,110.307,109.028,108.767
155,113.807,112.051,111.004,119.333,110.341,109.546,106.564,108.041,108.188,109.236,107.782,109.837,114.270,111.702,106.541,106.226,108.990,113.455,108.638,108.673
156,112.788,111.730,115.328,117.217,110.123,109.561,106.347,107.567,107.540,110.050,107.275,109.717,113.261,110.969,106.170,105.886,108.921,116.329,108.314,108.494
157,112.025,111.380,116.800,115.679,111.928,109.513,106.130,107.130,107.098,109.500,106.928,109.532,112.201,110.323,105.903,105.695,108.748,115.098,108.043,108.838
158,111.471,111.184,115.250,114.521,111.981,116.211,106.016,106.723,106.673,108.850,106.683,109.549,111.536,110.025,105.649,105.525,108.724,114.129,109.186,110.999
159,114.349,111.084,113.885,113.640,111.643,118.203,105.960,106.396,106.370,108.193,106.446,109.511,110.837,109.613,105.596,106.052,108.673,113.267,110.595,110.734
160,118.699,111.082,112.739,112.935,111.032,116.448,105.891,106.162,106.171,107.850,106.263,109.387,110.330,109.361,105.652,108.105,108.605,112.595,109.996,110.249
161,117.039,118.149,111.961,112.393,110.721,114.783,105.864,106.042,106.008,107.413,106.254,109.404,109.883,109.195,105.507,107.797,108.598,112.032,109.409,109.827
162,115.198,119.604,111.243,112.003,110.330,113.256,105.739,105.823,106.372,107.074,106.086,109.320,109.380,109.023,107.581,107.128,108.506,111.576,108.836,109.410
163,113.962,117.973,112.230,114.837,110.108,112.314,105.775,105.791,109.488,106.829,106.010,109.365,109.304,108.935,108.244,106.559,108.478,111.285,108.627,109.107
164,112.954,116.341,117.082,120.437,111.263,111.414,105.716,106.423,109.129,106.528,105.947,109.217,109.126,108.881,107.444,106.130,108.398,110.902,108.421,108.737
165,112.104,114.995,115.999,118.761,112.097,110.944,105.778,108.519,108.496,106.397,106.029,112.232,108.957,108.775,107.043,105.883,108.464,110.742,108.391,108.626
166,111.574,113.996,114.527,116.696,111.687,110.527,106.555,108.043,107.797,106.298,105.888,114.944,108.825,108.701,106.542,105.657,108.440,110.664,110.309,108.564
167,113.891,113.118,113.180,115.313,111.261,110.045,108.668,107.466,107.180,106.095,105.843,114.067,108.631,108.631,106.163,105.439,108.391,110.488,110.472,108.415
168,118.909,112.510,112.317,114.208,110.796,109.977,108.306,106.945,106.733,106.047,105.821,113.199,108.642,108.665,105.940,106.133,108.381,110.513,109.853,108.809
169,117.058,112.053,111.567,113.384,110.456,110.209,107.813,106.679,106.502,105.936,105.883,112.450,108.514,108.661,105.753,108.112,108.436,110.498,109.298,110.955
170,115.233,111.554,110.901,112.596,110.141,117.596,107.296,106.364,106.255,105.838,106.027,111.636,108.459,108.811,105.536,107.573,108.374,110.356,108.722,110.687
171,114.041,114.993,114.544,112.239,110.915,118.277,106.961,106.184,106.127,105.901,109.069,111.237,108.643,112.915,105.432,107.127,108.431,110.373,108.561,110.280
172,113.031,120.536,116.891,111.899,112.164,116.416,106.642,105.948,106.073,105.895,109.318,110.801,113.799,113.959,105.500,106.499,108.351,110.360,108.238,109.817
173,112.188,118.976,115.331,116.142,111.768,114.648,106.406,105.879,108.888,105.902,108.716,110.406,114.532,112.834,105.506,106.208,108.360,110.349,108.636,109.359
174,111.636,117.317,114.031,120.357,111.322,113.351,106.227,105.845,109.511,105.816,108.084,110.195,113.667,111.833,105.537,105.867,108.367,110.270,110.630,109.044
175,113.490,115.802,112.862,118.422,110.917,112.329,106.150,107.483,108.649,105.742,107.565,109.959,112.847,111.006,107.895,105.654,108.410,110.350,110.112,108.839
176,118.855,114.554,111.979,116.579,110.545,111.562,106.046,108.360,107.936,105.735,107.137,109.886,111.952,110.396,108.129,105.465,108.302,113.401,109.426,108.650
177,117.132,113.538,111.256,115.097,110.224,110.910,105.942,107.734,107.200,105.599,106.756,109.611,111.162,110.040,107.375,106.059,108.332,116.258,108.936,108.534
178,115.413,112.804,111.961,114.096,110.425,110.452,105.840,107.289,106.858,105.676,106.549,109.603,110.579,109.691,106.896,108.145,108.302,115.183,108.571,108.380
179,114.130,112.315,117.046,113.366,112.121,110.116,105.882,106.822,106.571,105.613,106.337,109.524,110.157,109.476,106.436,107.720,109.592,114.166,108.322,109.115
180,113.028,111.890,116.190,112.627,111.974,109.973,105.780,106.604,106.357,105.660,106.263,109.454,109.728,109.292,106.123,107.218,112.366,113.288,108.040,111.041
181,112.229,111.567,114.608,112.226,111.560,109.728,105.785,106.286,106.229,105.612,106.199,109.432,109.456,109.110,105.907,106.673,112.309,112.617,109.535,110.676
182,111.617,111.325,113.330,111.954,110.986,109.599,105.758,106.137,108.785,105.616,106.089,109.338,109.185,108.898,105.748,106.217,111.806,111.980,110.389,110.150
183,112.609,111.067,112.321,117.584,110.633,109.456,105.728,105.948,109.533,106.842,105.997,109.352,109.001,108.778,105.578,105.889,111.278,111.524,109.803,109.641
184,118.570,116.993,111.639,120.129,110.346,109.638,106.107,105.798,108.721,110.035,106.008,109.331,108.887,108.812,105.560,105.633,110.847,111.201,109.185,109.292
185,117.263,119.948,111.073,117.989,110.135,116.634,108.357,106.198,108.037,109.688,105.981,111.885,108.744,108.769,105.554,105.474,110.365,111.005,108.862,108.999
186,115.540,118.212,114.175,116.047,111.766,118.127,108.369,108.193,107.279,108.940,105.817,114.854,108.561,108.556,107.712,106.416,110.007,110.664,108.407,108.691
187,114.184,116.579,116.971,114.893,111.971,116.432,107.926,108.054,106.892,108.441,105.877,114.235,108.528,108.671,108.188,107.972,109.783,110.630,108.307,108.597
188,113.015,115.138,115.361,113.746,111.534,114.565,107.354,107.523,106.581,107.998,105.871,113.192,108.465,108.595,107.488,107.521,109.485,110.447,108.202,108.499
189,112.308,114.125,113.935,113.045,111.001,113.288,106.914,106.986,106.305,107.489,105.831,112.363,108.309,109.847,106.925,106.924,109.237,110.402,110.241,108.397
190,111.624,113.288,112.819,112.524,110.664,112.178,106.700,106.700,106.132,107.242,105.841,111.841,108.788,114.171,106.526,106.453,109.151,110.455,110.299,108.313
191,112.445,112.593,112.004,112.160,110.426,111.403,106.434,106.383,105.947,106.985,108.337,111.199,114.070,113.717,106.185,106.086,108.974,110.371,109.553,108.281
192,118.514,112.008,111.309,112.190,110.124,110.925,106.245,106.193,106.364,106.836,109.519,110.775,114.518,112.485,105.962,105.799,108.848,110.288,109.019,108.832
