ROI,Bin,Count
ROI_1,0,4210
,,
ROI_1,1,1070
,,
ROI_1,2,1028
,,
ROI_1,3,700
,,
ROI_1,4,620
,,
ROI_1,5,632
,,
ROI_1,6,561
,,
ROI_1,7,495
,,
ROI_1,8,515
,,
ROI_1,9,442
,,
ROI_1,10,427
,,
ROI_1,11,464
,,
ROI_1,12,384
,,
ROI_1,13,363
,,
ROI_1,14,359
,,
ROI_1,15,407
,,
ROI_1,16,317
,,
ROI_1,17,317
,,
ROI_1,18,321
,,
ROI_1,19,294
,,
ROI_1,20,268
,,
ROI_1,21,282
,,
ROI_1,22,246
,,
ROI_1,23,243
,,
ROI_1,24,291
,,
ROI_1,25,222
,,
ROI_1,26,195
,,
ROI_1,27,184
,,
ROI_1,28,255
,,
ROI_1,29,208
,,
ROI_1,30,159
,,
ROI_1,31,227
,,
ROI_1,32,160
,,
ROI_1,33,163
,,
ROI_1,34,210
,,
ROI_1,35,172
,,
ROI_1,36,134
,,
ROI_1,37,189
,,
ROI_1,38,161
,,
ROI_1,39,138
,,
ROI_1,40,160
,,
ROI_1,41,151
,,
ROI_1,42,108
,,
ROI_1,43,110
,,
ROI_1,44,150
,,
ROI_1,45,123
,,
ROI_1,46,132
,,
ROI_1,47,137
,,
ROI_1,48,121
,,
ROI_1,49,106
,,
ROI_1,50,123
,,
ROI_1,51,117
,,
ROI_1,52,104
,,
ROI_1,53,135
,,
ROI_1,54,106
,,
ROI_1,55,99
,,
ROI_1,56,99
,,
ROI_1,57,110
,,
ROI_1,58,88
,,
ROI_1,59,85
,,
ROI_1,60,108
,,
ROI_1,61,91
,,
ROI_1,62,77
,,
ROI_1,63,102
,,
ROI_1,64,66
,,
ROI_1,65,72
,,
ROI_1,66,102
,,
ROI_1,67,75
,,
ROI_1,68,85
,,
ROI_1,69,60
,,
ROI_1,70,97
,,
ROI_1,71,68
,,
ROI_1,72,72
,,
ROI_1,73,66
,,
ROI_1,74,60
,,
ROI_1,75,65
,,
ROI_1,76,74
,,
ROI_1,77,66
,,
ROI_1,78,46
,,
ROI_1,79,69
,,
ROI_1,80,48
,,
ROI_1,81,62
,,
ROI_1,82,59
,,
ROI_1,83,70
,,
ROI_1,84,51
,,
ROI_1,85,63
,,
ROI_1,86,55
,,
ROI_1,87,50
,,
ROI_1,88,54
,,
ROI_1,89,58
,,
ROI_1,90,52
,,
ROI_1,91,47
,,
ROI_1,92,62
,,
ROI_1,93,41
,,
ROI_1,94,47
,,
ROI_1,95,34
,,
ROI_1,96,49
,,
ROI_1,97,35
,,
ROI_1,98,48
,,
ROI_1,99,52
,,
ROI_1,100,52
,,
ROI_1,101,36
,,
ROI_1,102,50
,,
ROI_1,103,32
,,
ROI_1,104,43
,,
ROI_1,105,38
,,
ROI_1,106,34
,,
ROI_1,107,47
,,
ROI_1,108,36
,,
ROI_1,109,38
,,
ROI_1,110,39
,,
ROI_1,111,31
,,
ROI_1,112,48
,,
ROI_1,113,27
,,
ROI_1,114,29
,,
ROI_1,115,34
,,
ROI_1,116,41
,,
ROI_1,117,28
,,
ROI_1,118,40
,,
ROI_1,119,33
,,
ROI_1,120,29
,,
ROI_1,121,31
,,
ROI_1,122,23
,,
ROI_1,123,25
,,
ROI_1,124,31
,,
ROI_1,125,32
,,
ROI_1,126,33
,,
ROI_1,127,25
,,
ROI_1,128,33
,,
ROI_1,129,24
,,
ROI_1,130,24
,,
ROI_1,131,28
,,
ROI_1,132,28
,,
ROI_1,133,28
,,
ROI_1,134,29
,,
ROI_1,135,30
,,
ROI_1,136,15
,,
ROI_1,137,24
,,
ROI_1,138,31
,,
ROI_1,139,15
,,
ROI_1,140,21
,,
ROI_1,141,30
,,
ROI_1,142,28
,,
ROI_1,143,26
,,
ROI_1,144,30
,,
ROI_1,145,24
,,
ROI_1,146,17
,,
ROI_1,147,32
,,
ROI_1,148,25
,,
ROI_1,149,18
,,
ROI_1,150,18
,,
ROI_1,151,23
,,
ROI_1,152,17
,,
ROI_1,153,13
,,
ROI_1,154,19
,,
ROI_1,155,23
,,
ROI_1,156,23
,,
ROI_1,157,20
,,
ROI_1,158,18
,,
ROI_1,159,15
,,
ROI_1,160,21
,,
ROI_1,161,23
,,
ROI_1,162,17
,,
ROI_1,163,20
,,
ROI_1,164,15
,,
ROI_1,165,16
,,
ROI_1,166,11
,,
ROI_1,167,30
,,
ROI_1,168,21
,,
ROI_1,169,12
,,
ROI_1,170,23
,,
ROI_1,171,14
,,
ROI_1,172,18
,,
ROI_1,173,14
,,
ROI_1,174,17
,,
ROI_1,175,17
,,
ROI_1,176,14
,,
ROI_1,177,19
,,
ROI_1,178,13
,,
ROI_1,179,11
,,
ROI_1,180,15
,,
ROI_1,181,5
,,
ROI_1,182,21
,,
ROI_1,183,12
,,
ROI_1,184,8
,,
ROI_1,185,14
,,
ROI_1,186,11
,,
ROI_1,187,14
,,
ROI_1,188,16
,,
ROI_1,189,20
,,
ROI_1,190,12
,,
ROI_1,191,9
,,
ROI_1,192,3
,,
ROI_1,193,11
,,
ROI_1,194,8
,,
ROI_1,195,9
,,
ROI_1,196,11
,,
ROI_1,197,14
,,
ROI_1,198,7
,,
ROI_1,199,16
,,
ROI_1,200,12
,,
ROI_1,201,8
,,
ROI_1,202,16
,,
ROI_1,203,15
,,
ROI_1,204,12
,,
ROI_1,205,19
,,
ROI_1,206,12
,,
ROI_1,207,14
,,
ROI_1,208,5
,,
ROI_1,209,10
,,
ROI_1,210,5
,,
ROI_1,211,10
,,
ROI_1,212,11
,,
ROI_1,213,10
,,
ROI_1,214,10
,,
ROI_1,215,7
,,
ROI_1,216,5
,,
ROI_1,217,10
,,
ROI_1,218,7
,,
ROI_1,219,10
,,
ROI_1,220,3
,,
ROI_1,221,8
,,
ROI_1,222,8
,,
ROI_1,223,10
,,
ROI_1,224,8
,,
ROI_1,225,6
,,
ROI_1,226,8
,,
ROI_1,227,4
,,
ROI_1,228,7
,,
ROI_1,229,5
,,
ROI_1,230,5
,,
ROI_1,231,12
,,
ROI_1,232,7
,,
ROI_1,233,6
,,
ROI_1,234,3
,,
ROI_1,235,5
,,
ROI_1,236,8
,,
ROI_1,237,7
,,
ROI_1,238,4
,,
ROI_1,239,4
,,
ROI_1,240,8
,,
ROI_1,241,8
,,
ROI_1,242,10
,,
ROI_1,243,3
,,
ROI_1,244,4
,,
ROI_1,245,4
,,
ROI_1,246,5
,,
ROI_1,247,6
,,
ROI_1,248,10
,,
ROI_1,249,3
,,
ROI_1,250,5
,,
ROI_1,251,2
,,
ROI_1,252,6
,,
ROI_1,253,2
,,
ROI_1,254,2
,,
ROI_1,255,468
,,
ROI_2,0,4230
,,
ROI_2,1,1087
,,
ROI_2,2,1095
,,
ROI_2,3,710
,,
ROI_2,4,627
,,
ROI_2,5,660
,,
ROI_2,6,494
,,
ROI_2,7,452
,,
ROI_2,8,439
,,
ROI_2,9,398
,,
ROI_2,10,349
,,
ROI_2,11,369
,,
ROI_2,12,325
,,
ROI_2,13,295
,,
ROI_2,14,256
,,
ROI_2,15,272
,,
ROI_2,16,240
,,
ROI_2,17,247
,,
ROI_2,18,288
,,
ROI_2,19,213
,,
ROI_2,20,210
,,
ROI_2,21,220
,,
ROI_2,22,171
,,
ROI_2,23,214
,,
ROI_2,24,195
,,
ROI_2,25,204
,,
ROI_2,26,170
,,
ROI_2,27,155
,,
ROI_2,28,188
,,
ROI_2,29,148
,,
ROI_2,30,123
,,
ROI_2,31,148
,,
ROI_2,32,123
,,
ROI_2,33,117
,,
ROI_2,34,144
,,
ROI_2,35,123
,,
ROI_2,36,109
,,
ROI_2,37,138
,,
ROI_2,38,98
,,
ROI_2,39,116
,,
ROI_2,40,107
,,
ROI_2,41,125
,,
ROI_2,42,81
,,
ROI_2,43,92
,,
ROI_2,44,115
,,
ROI_2,45,72
,,
ROI_2,46,84
,,
ROI_2,47,94
,,
ROI_2,48,94
,,
ROI_2,49,80
,,
ROI_2,50,96
,,
ROI_2,51,86
,,
ROI_2,52,65
,,
ROI_2,53,98
,,
ROI_2,54,57
,,
ROI_2,55,75
,,
ROI_2,56,66
,,
ROI_2,57,69
,,
ROI_2,58,58
,,
ROI_2,59,55
,,
ROI_2,60,82
,,
ROI_2,61,62
,,
ROI_2,62,52
,,
ROI_2,63,63
,,
ROI_2,64,57
,,
ROI_2,65,58
,,
ROI_2,66,50
,,
ROI_2,67,46
,,
ROI_2,68,64
,,
ROI_2,69,47
,,
ROI_2,70,66
,,
ROI_2,71,58
,,
ROI_2,72,30
,,
ROI_2,73,65
,,
ROI_2,74,44
,,
ROI_2,75,39
,,
ROI_2,76,50
,,
ROI_2,77,55
,,
ROI_2,78,34
,,
ROI_2,79,48
,,
ROI_2,80,36
,,
ROI_2,81,33
,,
ROI_2,82,30
,,
ROI_2,83,44
,,
ROI_2,84,41
,,
ROI_2,85,33
,,
ROI_2,86,50
,,
ROI_2,87,44
,,
ROI_2,88,30
,,
ROI_2,89,40
,,
ROI_2,90,37
,,
ROI_2,91,27
,,
ROI_2,92,38
,,
ROI_2,93,27
,,
ROI_2,94,32
,,
ROI_2,95,33
,,
ROI_2,96,40
,,
ROI_2,97,21
,,
ROI_2,98,24
,,
ROI_2,99,44
,,
ROI_2,100,23
,,
ROI_2,101,20
,,
ROI_2,102,27
,,
ROI_2,103,30
,,
ROI_2,104,30
,,
ROI_2,105,26
,,
ROI_2,106,19
,,
ROI_2,107,16
,,
ROI_2,108,22
,,
ROI_2,109,27
,,
ROI_2,110,24
,,
ROI_2,111,18
,,
ROI_2,112,24
,,
ROI_2,113,20
,,
ROI_2,114,11
,,
ROI_2,115,32
,,
ROI_2,116,29
,,
ROI_2,117,18
,,
ROI_2,118,27
,,
ROI_2,119,26
,,
ROI_2,120,23
,,
ROI_2,121,21
,,
ROI_2,122,32
,,
ROI_2,123,25
,,
ROI_2,124,21
,,
ROI_2,125,17
,,
ROI_2,126,19
,,
ROI_2,127,17
,,
ROI_2,128,25
,,
ROI_2,129,12
,,
ROI_2,130,17
,,
ROI_2,131,21
,,
ROI_2,132,18
,,
ROI_2,133,17
,,
ROI_2,134,17
,,
ROI_2,135,13
,,
ROI_2,136,23
,,
ROI_2,137,13
,,
ROI_2,138,19
,,
ROI_2,139,17
,,
ROI_2,140,15
,,
ROI_2,141,13
,,
ROI_2,142,21
,,
ROI_2,143,15
,,
ROI_2,144,23
,,
ROI_2,145,16
,,
ROI_2,146,22
,,
ROI_2,147,16
,,
ROI_2,148,16
,,
ROI_2,149,20
,,
ROI_2,150,17
,,
ROI_2,151,15
,,
ROI_2,152,12
,,
ROI_2,153,13
,,
ROI_2,154,15
,,
ROI_2,155,12
,,
ROI_2,156,12
,,
ROI_2,157,12
,,
ROI_2,158,14
,,
ROI_2,159,16
,,
ROI_2,160,19
,,
ROI_2,161,12
,,
ROI_2,162,23
,,
ROI_2,163,14
,,
ROI_2,164,16
,,
ROI_2,165,14
,,
ROI_2,166,17
,,
ROI_2,167,12
,,
ROI_2,168,13
,,
ROI_2,169,11
,,
ROI_2,170,14
,,
ROI_2,171,19
,,
ROI_2,172,8
,,
ROI_2,173,12
,,
ROI_2,174,11
,,
ROI_2,175,8
,,
ROI_2,176,16
,,
ROI_2,177,16
,,
ROI_2,178,11
,,
ROI_2,179,13
,,
ROI_2,180,10
,,
ROI_2,181,15
,,
ROI_2,182,12
,,
ROI_2,183,13
,,
ROI_2,184,10
,,
ROI_2,185,6
,,
ROI_2,186,7
,,
ROI_2,187,5
,,
ROI_2,188,5
,,
ROI_2,189,12
,,
ROI_2,190,3
,,
ROI_2,191,9
,,
ROI_2,192,13
,,
ROI_2,193,12
,,
ROI_2,194,9
,,
ROI_2,195,8
,,
ROI_2,196,12
,,
ROI_2,197,9
,,
ROI_2,198,7
,,
ROI_2,199,15
,,
ROI_2,200,3
,,
ROI_2,201,5
,,
ROI_2,202,4
,,
ROI_2,203,15
,,
ROI_2,204,8
,,
ROI_2,205,9
,,
ROI_2,206,21
,,
ROI_2,207,9
,,
ROI_2,208,7
,,
ROI_2,209,18
,,
ROI_2,210,8
,,
ROI_2,211,7
,,
ROI_2,212,10
,,
ROI_2,213,8
,,
ROI_2,214,4
,,
ROI_2,215,13
,,
ROI_2,216,10
,,
ROI_2,217,8
,,
ROI_2,218,9
,,
ROI_2,219,10
,,
ROI_2,220,4
,,
ROI_2,221,9
,,
ROI_2,222,9
,,
ROI_2,223,8
,,
ROI_2,224,6
,,
ROI_2,225,6
,,
ROI_2,226,12
,,
ROI_2,227,5
,,
ROI_2,228,9
,,
ROI_2,229,7
,,
ROI_2,230,10
,,
ROI_2,231,4
,,
ROI_2,232,4
,,
ROI_2,233,6
,,
ROI_2,234,11
,,
ROI_2,235,4
,,
ROI_2,236,10
,,
ROI_2,237,6
,,
ROI_2,238,6
,,
ROI_2,239,9
,,
ROI_2,240,3
,,
ROI_2,241,7
,,
ROI_2,242,8
,,
ROI_2,243,6
,,
ROI_2,244,8
,,
ROI_2,245,11
,,
ROI_2,246,8
,,
ROI_2,247,1
,,
ROI_2,248,6
,,
ROI_2,249,4
,,
ROI_2,250,7
,,
ROI_2,251,6
,,
ROI_2,252,5
,,
ROI_2,253,5
,,
ROI_2,254,7
,,
ROI_2,255,699
,,
ROI_3,0,2358
,,
ROI_3,1,599
,,
ROI_3,2,669
,,
ROI_3,3,498
,,
ROI_3,4,485
,,
ROI_3,5,532
,,
ROI_3,6,412
,,
ROI_3,7,378
,,
ROI_3,8,368
,,
ROI_3,9,316
,,
ROI_3,10,323
,,
ROI_3,11,341
,,
ROI_3,12,249
,,
ROI_3,13,268
,,
ROI_3,14,291
,,
ROI_3,15,271
,,
ROI_3,16,232
,,
ROI_3,17,216
,,
ROI_3,18,251
,,
ROI_3,19,238
,,
ROI_3,20,203
,,
ROI_3,21,238
,,
ROI_3,22,199
,,
ROI_3,23,192
,,
ROI_3,24,211
,,
ROI_3,25,172
,,
ROI_3,26,163
,,
ROI_3,27,156
,,
ROI_3,28,194
,,
ROI_3,29,150
,,
ROI_3,30,143
,,
ROI_3,31,178
,,
ROI_3,32,129
,,
ROI_3,33,143
,,
ROI_3,34,150
,,
ROI_3,35,135
,,
ROI_3,36,110
,,
ROI_3,37,136
,,
ROI_3,38,118
,,
ROI_3,39,113
,,
ROI_3,40,134
,,
ROI_3,41,157
,,
ROI_3,42,125
,,
ROI_3,43,114
,,
ROI_3,44,142
,,
ROI_3,45,123
,,
ROI_3,46,119
,,
ROI_3,47,123
,,
ROI_3,48,97
,,
ROI_3,49,108
,,
ROI_3,50,149
,,
ROI_3,51,86
,,
ROI_3,52,103
,,
ROI_3,53,107
,,
ROI_3,54,105
,,
ROI_3,55,127
,,
ROI_3,56,95
,,
ROI_3,57,113
,,
ROI_3,58,98
,,
ROI_3,59,91
,,
ROI_3,60,114
,,
ROI_3,61,93
,,
ROI_3,62,94
,,
ROI_3,63,101
,,
ROI_3,64,95
,,
ROI_3,65,70
,,
ROI_3,66,104
,,
ROI_3,67,71
,,
ROI_3,68,84
,,
ROI_3,69,79
,,
ROI_3,70,103
,,
ROI_3,71,90
,,
ROI_3,72,80
,,
ROI_3,73,106
,,
ROI_3,74,71
,,
ROI_3,75,72
,,
ROI_3,76,82
,,
ROI_3,77,59
,,
ROI_3,78,76
,,
ROI_3,79,89
,,
ROI_3,80,63
,,
ROI_3,81,52
,,
ROI_3,82,47
,,
ROI_3,83,82
,,
ROI_3,84,79
,,
ROI_3,85,66
,,
ROI_3,86,75
,,
ROI_3,87,57
,,
ROI_3,88,59
,,
ROI_3,89,67
,,
ROI_3,90,51
,,
ROI_3,91,51
,,
ROI_3,92,69
,,
ROI_3,93,58
,,
ROI_3,94,55
,,
ROI_3,95,65
,,
ROI_3,96,58
,,
ROI_3,97,54
,,
ROI_3,98,54
,,
ROI_3,99,71
,,
ROI_3,100,51
,,
ROI_3,101,64
,,
ROI_3,102,69
,,
ROI_3,103,54
,,
ROI_3,104,46
,,
ROI_3,105,55
,,
ROI_3,106,54
,,
ROI_3,107,50
,,
ROI_3,108,46
,,
ROI_3,109,51
,,
ROI_3,110,46
,,
ROI_3,111,37
,,
ROI_3,112,50
,,
ROI_3,113,51
,,
ROI_3,114,34
,,
ROI_3,115,68
,,
ROI_3,116,44
,,
ROI_3,117,41
,,
ROI_3,118,36
,,
ROI_3,119,37
,,
ROI_3,120,33
,,
ROI_3,121,41
,,
ROI_3,122,53
,,
ROI_3,123,27
,,
ROI_3,124,32
,,
ROI_3,125,52
,,
ROI_3,126,38
,,
ROI_3,127,33
,,
ROI_3,128,49
,,
ROI_3,129,31
,,
ROI_3,130,32
,,
ROI_3,131,47
,,
ROI_3,132,33
,,
ROI_3,133,30
,,
ROI_3,134,41
,,
ROI_3,135,37
,,
ROI_3,136,32
,,
ROI_3,137,36
,,
ROI_3,138,43
,,
ROI_3,139,36
,,
ROI_3,140,30
,,
ROI_3,141,36
,,
ROI_3,142,21
,,
ROI_3,143,29
,,
ROI_3,144,32
,,
ROI_3,145,20
,,
ROI_3,146,28
,,
ROI_3,147,33
,,
ROI_3,148,30
,,
ROI_3,149,18
,,
ROI_3,150,31
,,
ROI_3,151,26
,,
ROI_3,152,19
,,
ROI_3,153,29
,,
ROI_3,154,34
,,
ROI_3,155,23
,,
ROI_3,156,28
,,
ROI_3,157,30
,,
ROI_3,158,25
,,
ROI_3,159,27
,,
ROI_3,160,31
,,
ROI_3,161,20
,,
ROI_3,162,15
,,
ROI_3,163,30
,,
ROI_3,164,23
,,
ROI_3,165,27
,,
ROI_3,166,21
,,
ROI_3,167,22
,,
ROI_3,168,22
,,
ROI_3,169,20
,,
ROI_3,170,24
,,
ROI_3,171,21
,,
ROI_3,172,16
,,
ROI_3,173,20
,,
ROI_3,174,14
,,
ROI_3,175,20
,,
ROI_3,176,18
,,
ROI_3,177,25
,,
ROI_3,178,18
,,
ROI_3,179,6
,,
ROI_3,180,23
,,
ROI_3,181,19
,,
ROI_3,182,19
,,
ROI_3,183,17
,,
ROI_3,184,17
,,
ROI_3,185,18
,,
ROI_3,186,23
,,
ROI_3,187,25
,,
ROI_3,188,17
,,
ROI_3,189,15
,,
ROI_3,190,19
,,
ROI_3,191,20
,,
ROI_3,192,19
,,
ROI_3,193,21
,,
ROI_3,194,16
,,
ROI_3,195,14
,,
ROI_3,196,18
,,
ROI_3,197,20
,,
ROI_3,198,8
,,
ROI_3,199,8
,,
ROI_3,200,13
,,
ROI_3,201,13
,,
ROI_3,202,16
,,
ROI_3,203,18
,,
ROI_3,204,8
,,
ROI_3,205,19
,,
ROI_3,206,16
,,
ROI_3,207,16
,,
ROI_3,208,13
,,
ROI_3,209,8
,,
ROI_3,210,18
,,
ROI_3,211,10
,,
ROI_3,212,15
,,
ROI_3,213,18
,,
ROI_3,214,11
,,
ROI_3,215,13
,,
ROI_3,216,8
,,
ROI_3,217,14
,,
ROI_3,218,14
,,
ROI_3,219,12
,,
ROI_3,220,12
,,
ROI_3,221,9
,,
ROI_3,222,8
,,
ROI_3,223,16
,,
ROI_3,224,10
,,
ROI_3,225,11
,,
ROI_3,226,7
,,
ROI_3,227,13
,,
ROI_3,228,11
,,
ROI_3,229,11
,,
ROI_3,230,6
,,
ROI_3,231,14
,,
ROI_3,232,15
,,
ROI_3,233,14
,,
ROI_3,234,12
,,
ROI_3,235,19
,,
ROI_3,236,11
,,
ROI_3,237,7
,,
ROI_3,238,9
,,
ROI_3,239,11
,,
ROI_3,240,11
,,
ROI_3,241,6
,,
ROI_3,242,10
,,
ROI_3,243,18
,,
ROI_3,244,9
,,
ROI_3,245,15
,,
ROI_3,246,15
,,
ROI_3,247,18
,,
ROI_3,248,11
,,
ROI_3,249,9
,,
ROI_3,250,11
,,
ROI_3,251,18
,,
ROI_3,252,7
,,
ROI_3,253,4
,,
ROI_3,254,4
,,
ROI_3,255,1150
,,
ROI_4,0,7077
,,
ROI_4,1,1758
,,
ROI_4,2,1711
,,
ROI_4,3,1268
,,
ROI_4,4,1078
,,
ROI_4,5,1146
,,
ROI_4,6,925
,,
ROI_4,7,926
,,
ROI_4,8,942
,,
ROI_4,9,714
,,
ROI_4,10,715
,,
ROI_4,11,826
,,
ROI_4,12,667
,,
ROI_4,13,654
,,
ROI_4,14,624
,,
ROI_4,15,674
,,
ROI_4,16,536
,,
ROI_4,17,524
,,
ROI_4,18,575
,,
ROI_4,19,520
,,
ROI_4,20,482
,,
ROI_4,21,506
,,
ROI_4,22,402
,,
ROI_4,23,415
,,
ROI_4,24,503
,,
ROI_4,25,383
,,
ROI_4,26,371
,,
ROI_4,27,333
,,
ROI_4,28,432
,,
ROI_4,29,341
,,
ROI_4,30,307
,,
ROI_4,31,380
,,
ROI_4,32,296
,,
ROI_4,33,287
,,
ROI_4,34,343
,,
ROI_4,35,281
,,
ROI_4,36,260
,,
ROI_4,37,297
,,
ROI_4,38,253
,,
ROI_4,39,220
,,
ROI_4,40,231
,,
ROI_4,41,283
,,
ROI_4,42,186
,,
ROI_4,43,232
,,
ROI_4,44,254
,,
ROI_4,45,185
,,
ROI_4,46,216
,,
ROI_4,47,246
,,
ROI_4,48,194
,,
ROI_4,49,183
,,
ROI_4,50,221
,,
ROI_4,51,184
,,
ROI_4,52,186
,,
ROI_4,53,207
,,
ROI_4,54,159
,,
ROI_4,55,155
,,
ROI_4,56,162
,,
ROI_4,57,197
,,
ROI_4,58,179
,,
ROI_4,59,143
,,
ROI_4,60,183
,,
ROI_4,61,133
,,
ROI_4,62,133
,,
ROI_4,63,183
,,
ROI_4,64,122
,,
ROI_4,65,140
,,
ROI_4,66,160
,,
ROI_4,67,117
,,
ROI_4,68,112
,,
ROI_4,69,116
,,
ROI_4,70,164
,,
ROI_4,71,119
,,
ROI_4,72,123
,,
ROI_4,73,141
,,
ROI_4,74,116
,,
ROI_4,75,121
,,
ROI_4,76,144
,,
ROI_4,77,106
,,
ROI_4,78,101
,,
ROI_4,79,118
,,
ROI_4,80,112
,,
ROI_4,81,99
,,
ROI_4,82,108
,,
ROI_4,83,114
,,
ROI_4,84,108
,,
ROI_4,85,84
,,
ROI_4,86,104
,,
ROI_4,87,97
,,
ROI_4,88,91
,,
ROI_4,89,108
,,
ROI_4,90,81
,,
ROI_4,91,80
,,
ROI_4,92,104
,,
ROI_4,93,69
,,
ROI_4,94,88
,,
ROI_4,95,80
,,
ROI_4,96,107
,,
ROI_4,97,73
,,
ROI_4,98,69
,,
ROI_4,99,98
,,
ROI_4,100,75
,,
ROI_4,101,75
,,
ROI_4,102,87
,,
ROI_4,103,70
,,
ROI_4,104,73
,,
ROI_4,105,83
,,
ROI_4,106,75
,,
ROI_4,107,59
,,
ROI_4,108,86
,,
ROI_4,109,85
,,
ROI_4,110,65
,,
ROI_4,111,72
,,
ROI_4,112,86
,,
ROI_4,113,60
,,
ROI_4,114,52
,,
ROI_4,115,52
,,
ROI_4,116,67
,,
ROI_4,117,54
,,
ROI_4,118,68
,,
ROI_4,119,66
,,
ROI_4,120,64
,,
ROI_4,121,53
,,
ROI_4,122,60
,,
ROI_4,123,53
,,
ROI_4,124,53
,,
ROI_4,125,57
,,
ROI_4,126,52
,,
ROI_4,127,53
,,
ROI_4,128,61
,,
ROI_4,129,51
,,
ROI_4,130,55
,,
ROI_4,131,56
,,
ROI_4,132,53
,,
ROI_4,133,37
,,
ROI_4,134,51
,,
ROI_4,135,45
,,
ROI_4,136,50
,,
ROI_4,137,40
,,
ROI_4,138,67
,,
ROI_4,139,42
,,
ROI_4,140,46
,,
ROI_4,141,58
,,
ROI_4,142,40
,,
ROI_4,143,43
,,
ROI_4,144,50
,,
ROI_4,145,39
,,
ROI_4,146,36
,,
ROI_4,147,50
,,
ROI_4,148,35
,,
ROI_4,149,39
,,
ROI_4,150,46
,,
ROI_4,151,40
,,
ROI_4,152,29
,,
ROI_4,153,32
,,
ROI_4,154,38
,,
ROI_4,155,32
,,
ROI_4,156,49
,,
ROI_4,157,37
,,
ROI_4,158,28
,,
ROI_4,159,32
,,
ROI_4,160,39
,,
ROI_4,161,34
,,
ROI_4,162,24
,,
ROI_4,163,42
,,
ROI_4,164,40
,,
ROI_4,165,27
,,
ROI_4,166,30
,,
ROI_4,167,27
,,
ROI_4,168,28
,,
ROI_4,169,26
,,
ROI_4,170,38
,,
ROI_4,171,20
,,
ROI_4,172,26
,,
ROI_4,173,30
,,
ROI_4,174,25
,,
ROI_4,175,19
,,
ROI_4,176,27
,,
ROI_4,177,31
,,
ROI_4,178,18
,,
ROI_4,179,26
,,
ROI_4,180,35
,,
ROI_4,181,16
,,
ROI_4,182,19
,,
ROI_4,183,42
,,
ROI_4,184,19
,,
ROI_4,185,30
,,
ROI_4,186,40
,,
ROI_4,187,32
,,
ROI_4,188,25
,,
ROI_4,189,22
,,
ROI_4,190,32
,,
ROI_4,191,27
,,
ROI_4,192,20
,,
ROI_4,193,29
,,
ROI_4,194,15
,,
ROI_4,195,19
,,
ROI_4,196,20
,,
ROI_4,197,21
,,
ROI_4,198,27
,,
ROI_4,199,30
,,
ROI_4,200,23
,,
ROI_4,201,20
,,
ROI_4,202,23
,,
ROI_4,203,21
,,
ROI_4,204,22
,,
ROI_4,205,20
,,
ROI_4,206,19
,,
ROI_4,207,19
,,
ROI_4,208,19
,,
ROI_4,209,18
,,
ROI_4,210,22
,,
ROI_4,211,14
,,
ROI_4,212,19
,,
ROI_4,213,24
,,
ROI_4,214,14
,,
ROI_4,215,19
,,
ROI_4,216,19
,,
ROI_4,217,13
,,
ROI_4,218,18
,,
ROI_4,219,27
,,
ROI_4,220,21
,,
ROI_4,221,18
,,
ROI_4,222,22
,,
ROI_4,223,15
,,
ROI_4,224,22
,,
ROI_4,225,7
,,
ROI_4,226,17
,,
ROI_4,227,18
,,
ROI_4,228,17
,,
ROI_4,229,13
,,
ROI_4,230,13
,,
ROI_4,231,15
,,
ROI_4,232,27
,,
ROI_4,233,9
,,
ROI_4,234,15
,,
ROI_4,235,21
,,
ROI_4,236,17
,,
ROI_4,237,16
,,
ROI_4,238,13
,,
ROI_4,239,15
,,
ROI_4,240,8
,,
ROI_4,241,22
,,
ROI_4,242,11
,,
ROI_4,243,14
,,
ROI_4,244,16
,,
ROI_4,245,11
,,
ROI_4,246,9
,,
ROI_4,247,16
,,
ROI_4,248,15
,,
ROI_4,249,20
,,
ROI_4,250,12
,,
ROI_4,251,20
,,
ROI_4,252,12
,,
ROI_4,253,10
,,
ROI_4,254,13
,,
ROI_4,255,1764
,,
ROI_5,0,4057
,,
ROI_5,1,1100
,,
ROI_5,2,1158
,,
ROI_5,3,862
,,
ROI_5,4,696
,,
ROI_5,5,761
,,
ROI_5,6,634
,,
ROI_5,7,542
,,
ROI_5,8,565
,,
ROI_5,9,467
,,
ROI_5,10,429
,,
ROI_5,11,470
,,
ROI_5,12,396
,,
ROI_5,13,400
,,
ROI_5,14,409
,,
ROI_5,15,444
,,
ROI_5,16,402
,,
ROI_5,17,349
,,
ROI_5,18,361
,,
ROI_5,19,309
,,
ROI_5,20,319
,,
ROI_5,21,340
,,
ROI_5,22,292
,,
ROI_5,23,271
,,
ROI_5,24,333
,,
ROI_5,25,251
,,
ROI_5,26,226
,,
ROI_5,27,244
,,
ROI_5,28,246
,,
ROI_5,29,202
,,
ROI_5,30,192
,,
ROI_5,31,244
,,
ROI_5,32,188
,,
ROI_5,33,153
,,
ROI_5,34,209
,,
ROI_5,35,198
,,
ROI_5,36,142
,,
ROI_5,37,185
,,
ROI_5,38,159
,,
ROI_5,39,141
,,
ROI_5,40,185
,,
ROI_5,41,176
,,
ROI_5,42,150
,,
ROI_5,43,135
,,
ROI_5,44,158
,,
ROI_5,45,136
,,
ROI_5,46,148
,,
ROI_5,47,183
,,
ROI_5,48,134
,,
ROI_5,49,117
,,
ROI_5,50,158
,,
ROI_5,51,123
,,
ROI_5,52,131
,,
ROI_5,53,144
,,
ROI_5,54,130
,,
ROI_5,55,110
,,
ROI_5,56,124
,,
ROI_5,57,147
,,
ROI_5,58,112
,,
ROI_5,59,114
,,
ROI_5,60,124
,,
ROI_5,61,115
,,
ROI_5,62,91
,,
ROI_5,63,115
,,
ROI_5,64,94
,,
ROI_5,65,86
,,
ROI_5,66,117
,,
ROI_5,67,100
,,
ROI_5,68,95
,,
ROI_5,69,96
,,
ROI_5,70,129
,,
ROI_5,71,106
,,
ROI_5,72,98
,,
ROI_5,73,99
,,
ROI_5,74,92
,,
ROI_5,75,99
,,
ROI_5,76,112
,,
ROI_5,77,86
,,
ROI_5,78,80
,,
ROI_5,79,88
,,
ROI_5,80,87
,,
ROI_5,81,93
,,
ROI_5,82,99
,,
ROI_5,83,104
,,
ROI_5,84,100
,,
ROI_5,85,72
,,
ROI_5,86,105
,,
ROI_5,87,83
,,
ROI_5,88,89
,,
ROI_5,89,86
,,
ROI_5,90,77
,,
ROI_5,91,76
,,
ROI_5,92,98
,,
ROI_5,93,89
,,
ROI_5,94,81
,,
ROI_5,95,72
,,
ROI_5,96,91
,,
ROI_5,97,55
,,
ROI_5,98,54
,,
ROI_5,99,72
,,
ROI_5,100,86
,,
ROI_5,101,64
,,
ROI_5,102,100
,,
ROI_5,103,72
,,
ROI_5,104,59
,,
ROI_5,105,75
,,
ROI_5,106,48
,,
ROI_5,107,65
,,
ROI_5,108,56
,,
ROI_5,109,89
,,
ROI_5,110,51
,,
ROI_5,111,60
,,
ROI_5,112,70
,,
ROI_5,113,47
,,
ROI_5,114,62
,,
ROI_5,115,59
,,
ROI_5,116,66
,,
ROI_5,117,52
,,
ROI_5,118,71
,,
ROI_5,119,54
,,
ROI_5,120,62
,,
ROI_5,121,49
,,
ROI_5,122,65
,,
ROI_5,123,61
,,
ROI_5,124,56
,,
ROI_5,125,74
,,
ROI_5,126,48
,,
ROI_5,127,54
,,
ROI_5,128,64
,,
ROI_5,129,53
,,
ROI_5,130,45
,,
ROI_5,131,54
,,
ROI_5,132,35
,,
ROI_5,133,41
,,
ROI_5,134,57
,,
ROI_5,135,58
,,
ROI_5,136,37
,,
ROI_5,137,52
,,
ROI_5,138,61
,,
ROI_5,139,44
,,
ROI_5,140,45
,,
ROI_5,141,61
,,
ROI_5,142,44
,,
ROI_5,143,48
,,
ROI_5,144,39
,,
ROI_5,145,30
,,
ROI_5,146,47
,,
ROI_5,147,50
,,
ROI_5,148,45
,,
ROI_5,149,46
,,
ROI_5,150,34
,,
ROI_5,151,49
,,
ROI_5,152,53
,,
ROI_5,153,41
,,
ROI_5,154,44
,,
ROI_5,155,39
,,
ROI_5,156,49
,,
ROI_5,157,48
,,
ROI_5,158,45
,,
ROI_5,159,40
,,
ROI_5,160,41
,,
ROI_5,161,41
,,
ROI_5,162,38
,,
ROI_5,163,27
,,
ROI_5,164,51
,,
ROI_5,165,33
,,
ROI_5,166,29
,,
ROI_5,167,40
,,
ROI_5,168,41
,,
ROI_5,169,50
,,
ROI_5,170,43
,,
ROI_5,171,32
,,
ROI_5,172,34
,,
ROI_5,173,37
,,
ROI_5,174,33
,,
ROI_5,175,33
,,
ROI_5,176,38
,,
ROI_5,177,39
,,
ROI_5,178,35
,,
ROI_5,179,35
,,
ROI_5,180,36
,,
ROI_5,181,25
,,
ROI_5,182,38
,,
ROI_5,183,34
,,
ROI_5,184,26
,,
ROI_5,185,19
,,
ROI_5,186,23
,,
ROI_5,187,32
,,
ROI_5,188,36
,,
ROI_5,189,26
,,
ROI_5,190,39
,,
ROI_5,191,26
,,
ROI_5,192,26
,,
ROI_5,193,34
,,
ROI_5,194,28
,,
ROI_5,195,29
,,
ROI_5,196,31
,,
ROI_5,197,20
,,
ROI_5,198,26
,,
ROI_5,199,30
,,
ROI_5,200,21
,,
ROI_5,201,24
,,
ROI_5,202,27
,,
ROI_5,203,24
,,
ROI_5,204,25
,,
ROI_5,205,23
,,
ROI_5,206,26
,,
ROI_5,207,27
,,
ROI_5,208,27
,,
ROI_5,209,17
,,
ROI_5,210,27
,,
ROI_5,211,21
,,
ROI_5,212,23
,,
ROI_5,213,16
,,
ROI_5,214,16
,,
ROI_5,215,31
,,
ROI_5,216,22
,,
ROI_5,217,16
,,
ROI_5,218,20
,,
ROI_5,219,18
,,
ROI_5,220,25
,,
ROI_5,221,16
,,
ROI_5,222,10
,,
ROI_5,223,18
,,
ROI_5,224,27
,,
ROI_5,225,22
,,
ROI_5,226,26
,,
ROI_5,227,19
,,
ROI_5,228,23
,,
ROI_5,229,23
,,
ROI_5,230,17
,,
ROI_5,231,18
,,
ROI_5,232,18
,,
ROI_5,233,13
,,
ROI_5,234,27
,,
ROI_5,235,14
,,
ROI_5,236,21
,,
ROI_5,237,19
,,
ROI_5,238,15
,,
ROI_5,239,16
,,
ROI_5,240,16
,,
ROI_5,241,17
,,
ROI_5,242,19
,,
ROI_5,243,15
,,
ROI_5,244,17
,,
ROI_5,245,10
,,
ROI_5,246,14
,,
ROI_5,247,16
,,
ROI_5,248,16
,,
ROI_5,249,12
,,
ROI_5,250,8
,,
ROI_5,251,16
,,
ROI_5,252,14
,,
ROI_5,253,16
,,
ROI_5,254,26
,,
ROI_5,255,1835
,,
ROI_6,0,461
,,
ROI_6,1,169
,,
ROI_6,2,206
,,
ROI_6,3,163
,,
ROI_6,4,133
,,
ROI_6,5,139
,,
ROI_6,6,107
,,
ROI_6,7,91
,,
ROI_6,8,86
,,
ROI_6,9,67
,,
ROI_6,10,55
,,
ROI_6,11,60
,,
ROI_6,12,49
,,
ROI_6,13,43
,,
ROI_6,14,34
,,
ROI_6,15,40
,,
ROI_6,16,22
,,
ROI_6,17,26
,,
ROI_6,18,20
,,
ROI_6,19,19
,,
ROI_6,20,13
,,
ROI_6,21,24
,,
ROI_6,22,14
,,
ROI_6,23,13
,,
ROI_6,24,13
,,
ROI_6,25,13
,,
ROI_6,26,7
,,
ROI_6,27,7
,,
ROI_6,28,11
,,
ROI_6,29,11
,,
ROI_6,30,6
,,
ROI_6,31,10
,,
ROI_6,32,6
,,
ROI_6,33,8
,,
ROI_6,34,5
,,
ROI_6,35,4
,,
ROI_6,36,7
,,
ROI_6,37,6
,,
ROI_6,38,8
,,
ROI_6,39,6
,,
ROI_6,40,3
,,
ROI_6,41,4
,,
ROI_6,42,3
,,
ROI_6,43,5
,,
ROI_6,44,5
,,
ROI_6,45,2
,,
ROI_6,46,1
,,
ROI_6,47,4
,,
ROI_6,48,3
,,
ROI_6,49,2
,,
ROI_6,50,2
,,
ROI_6,51,1
,,
ROI_6,52,1
,,
ROI_6,53,4
,,
ROI_6,54,3
,,
ROI_6,55,3
,,
ROI_6,56,2
,,
ROI_6,57,2
,,
ROI_6,58,2
,,
ROI_6,59,2
,,
ROI_6,60,1
,,
ROI_6,61,3
,,
ROI_6,62,2
,,
ROI_6,63,3
,,
ROI_6,64,1
,,
ROI_6,65,3
,,
ROI_6,66,1
,,
ROI_6,67,1
,,
ROI_6,68,1
,,
ROI_6,69,0
,,
ROI_6,70,2
,,
ROI_6,71,0
,,
ROI_6,72,0
,,
ROI_6,73,1
,,
ROI_6,74,1
,,
ROI_6,75,1
,,
ROI_6,76,1
,,
ROI_6,77,0
,,
ROI_6,78,1
,,
ROI_6,79,0
,,
ROI_6,80,0
,,
ROI_6,81,1
,,
ROI_6,82,1
,,
ROI_6,83,2
,,
ROI_6,84,0
,,
ROI_6,85,0
,,
ROI_6,86,0
,,
ROI_6,87,0
,,
ROI_6,88,1
,,
ROI_6,89,0
,,
ROI_6,90,0
,,
ROI_6,91,0
,,
ROI_6,92,1
,,
ROI_6,93,3
,,
ROI_6,94,0
,,
ROI_6,95,0
,,
ROI_6,96,1
,,
ROI_6,97,1
,,
ROI_6,98,0
,,
ROI_6,99,0
,,
ROI_6,100,0
,,
ROI_6,101,0
,,
ROI_6,102,0
,,
ROI_6,103,0
,,
ROI_6,104,1
,,
ROI_6,105,0
,,
ROI_6,106,1
,,
ROI_6,107,0
,,
ROI_6,108,0
,,
ROI_6,109,0
,,
ROI_6,110,0
,,
ROI_6,111,1
,,
ROI_6,112,0
,,
ROI_6,113,0
,,
ROI_6,114,0
,,
ROI_6,115,0
,,
ROI_6,116,1
,,
ROI_6,117,0
,,
ROI_6,118,0
,,
ROI_6,119,2
,,
ROI_6,120,0
,,
ROI_6,121,0
,,
ROI_6,122,1
,,
ROI_6,123,0
,,
ROI_6,124,0
,,
ROI_6,125,0
,,
ROI_6,126,0
,,
ROI_6,127,0
,,
ROI_6,128,0
,,
ROI_6,129,0
,,
ROI_6,130,2
,,
ROI_6,131,0
,,
ROI_6,132,1
,,
ROI_6,133,1
,,
ROI_6,134,1
,,
ROI_6,135,1
,,
ROI_6,136,0
,,
ROI_6,137,0
,,
ROI_6,138,0
,,
ROI_6,139,0
,,
ROI_6,140,1
,,
ROI_6,141,0
,,
ROI_6,142,0
,,
ROI_6,143,1
,,
ROI_6,144,0
,,
ROI_6,145,0
,,
ROI_6,146,0
,,
ROI_6,147,1
,,
ROI_6,148,0
,,
ROI_6,149,0
,,
ROI_6,150,0
,,
ROI_6,151,1
,,
ROI_6,152,0
,,
ROI_6,153,0
,,
ROI_6,154,1
,,
ROI_6,155,0
,,
ROI_6,156,0
,,
ROI_6,157,0
,,
ROI_6,158,2
,,
ROI_6,159,1
,,
ROI_6,160,0
,,
ROI_6,161,1
,,
ROI_6,162,0
,,
ROI_6,163,0
,,
ROI_6,164,0
,,
ROI_6,165,0
,,
ROI_6,166,0
,,
ROI_6,167,0
,,
ROI_6,168,0
,,
ROI_6,169,0
,,
ROI_6,170,0
,,
ROI_6,171,0
,,
ROI_6,172,0
,,
ROI_6,173,0
,,
ROI_6,174,2
,,
ROI_6,175,0
,,
ROI_6,176,0
,,
ROI_6,177,0
,,
ROI_6,178,0
,,
ROI_6,179,0
,,
ROI_6,180,1
,,
ROI_6,181,0
,,
ROI_6,182,0
,,
ROI_6,183,0
,,
ROI_6,184,1
,,
ROI_6,185,0
,,
ROI_6,186,1
,,
ROI_6,187,0
,,
ROI_6,188,0
,,
ROI_6,189,0
,,
ROI_6,190,0
,,
ROI_6,191,0
,,
ROI_6,192,1
,,
ROI_6,193,0
,,
ROI_6,194,0
,,
ROI_6,195,0
,,
ROI_6,196,0
,,
ROI_6,197,0
,,
ROI_6,198,0
,,
ROI_6,199,0
,,
ROI_6,200,0
,,
ROI_6,201,0
,,
ROI_6,202,0
,,
ROI_6,203,0
,,
ROI_6,204,0
,,
ROI_6,205,0
,,
ROI_6,206,0
,,
ROI_6,207,0
,,
ROI_6,208,0
,,
ROI_6,209,0
,,
ROI_6,210,0
,,
ROI_6,211,0
,,
ROI_6,212,2
,,
ROI_6,213,0
,,
ROI_6,214,0
,,
ROI_6,215,0
,,
ROI_6,216,0
,,
ROI_6,217,0
,,
ROI_6,218,0
,,
ROI_6,219,0
,,
ROI_6,220,1
,,
ROI_6,221,0
,,
ROI_6,222,0
,,
ROI_6,223,0
,,
ROI_6,224,0
,,
ROI_6,225,0
,,
ROI_6,226,0
,,
ROI_6,227,0
,,
ROI_6,228,0
,,
ROI_6,229,2
,,
ROI_6,230,0
,,
ROI_6,231,0
,,
ROI_6,232,0
,,
ROI_6,233,0
,,
ROI_6,234,0
,,
ROI_6,235,0
,,
ROI_6,236,0
,,
ROI_6,237,0
,,
ROI_6,238,0
,,
ROI_6,239,0
,,
ROI_6,240,0
,,
ROI_6,241,0
,,
ROI_6,242,0
,,
ROI_6,243,0
,,
ROI_6,244,0
,,
ROI_6,245,0
,,
ROI_6,246,0
,,
ROI_6,247,0
,,
ROI_6,248,0
,,
ROI_6,249,0
,,
ROI_6,250,0
,,
ROI_6,251,0
,,
ROI_6,252,0
,,
ROI_6,253,0
,,
ROI_6,254,0
,,
ROI_6,255,2
,,
ROI_7,0,825
,,
ROI_7,1,385
,,
ROI_7,2,494
,,
ROI_7,3,319
,,
ROI_7,4,322
,,
ROI_7,5,389
,,
ROI_7,6,320
,,
ROI_7,7,276
,,
ROI_7,8,318
,,
ROI_7,9,266
,,
ROI_7,10,269
,,
ROI_7,11,314
,,
ROI_7,12,235
,,
ROI_7,13,239
,,
ROI_7,14,237
,,
ROI_7,15,247
,,
ROI_7,16,212
,,
ROI_7,17,227
,,
ROI_7,18,249
,,
ROI_7,19,192
,,
ROI_7,20,191
,,
ROI_7,21,189
,,
ROI_7,22,172
,,
ROI_7,23,156
,,
ROI_7,24,191
,,
ROI_7,25,172
,,
ROI_7,26,159
,,
ROI_7,27,154
,,
ROI_7,28,159
,,
ROI_7,29,150
,,
ROI_7,30,125
,,
ROI_7,31,160
,,
ROI_7,32,129
,,
ROI_7,33,105
,,
ROI_7,34,154
,,
ROI_7,35,124
,,
ROI_7,36,104
,,
ROI_7,37,148
,,
ROI_7,38,96
,,
ROI_7,39,90
,,
ROI_7,40,107
,,
ROI_7,41,108
,,
ROI_7,42,92
,,
ROI_7,43,97
,,
ROI_7,44,120
,,
ROI_7,45,89
,,
ROI_7,46,84
,,
ROI_7,47,109
,,
ROI_7,48,76
,,
ROI_7,49,79
,,
ROI_7,50,105
,,
ROI_7,51,87
,,
ROI_7,52,68
,,
ROI_7,53,91
,,
ROI_7,54,69
,,
ROI_7,55,83
,,
ROI_7,56,70
,,
ROI_7,57,104
,,
ROI_7,58,78
,,
ROI_7,59,87
,,
ROI_7,60,72
,,
ROI_7,61,53
,,
ROI_7,62,76
,,
ROI_7,63,85
,,
ROI_7,64,66
,,
ROI_7,65,54
,,
ROI_7,66,83
,,
ROI_7,67,60
,,
ROI_7,68,45
,,
ROI_7,69,48
,,
ROI_7,70,76
,,
ROI_7,71,47
,,
ROI_7,72,54
,,
ROI_7,73,47
,,
ROI_7,74,59
,,
ROI_7,75,51
,,
ROI_7,76,58
,,
ROI_7,77,51
,,
ROI_7,78,54
,,
ROI_7,79,59
,,
ROI_7,80,49
,,
ROI_7,81,45
,,
ROI_7,82,38
,,
ROI_7,83,53
,,
ROI_7,84,47
,,
ROI_7,85,54
,,
ROI_7,86,52
,,
ROI_7,87,46
,,
ROI_7,88,51
,,
ROI_7,89,58
,,
ROI_7,90,49
,,
ROI_7,91,44
,,
ROI_7,92,43
,,
ROI_7,93,36
,,
ROI_7,94,30
,,
ROI_7,95,25
,,
ROI_7,96,40
,,
ROI_7,97,51
,,
ROI_7,98,33
,,
ROI_7,99,32
,,
ROI_7,100,38
,,
ROI_7,101,39
,,
ROI_7,102,35
,,
ROI_7,103,40
,,
ROI_7,104,44
,,
ROI_7,105,41
,,
ROI_7,106,39
,,
ROI_7,107,33
,,
ROI_7,108,21
,,
ROI_7,109,34
,,
ROI_7,110,26
,,
ROI_7,111,33
,,
ROI_7,112,31
,,
ROI_7,113,24
,,
ROI_7,114,26
,,
ROI_7,115,31
,,
ROI_7,116,28
,,
ROI_7,117,17
,,
ROI_7,118,29
,,
ROI_7,119,24
,,
ROI_7,120,30
,,
ROI_7,121,18
,,
ROI_7,122,29
,,
ROI_7,123,25
,,
ROI_7,124,26
,,
ROI_7,125,34
,,
ROI_7,126,20
,,
ROI_7,127,31
,,
ROI_7,128,31
,,
ROI_7,129,22
,,
ROI_7,130,21
,,
ROI_7,131,36
,,
ROI_7,132,26
,,
ROI_7,133,17
,,
ROI_7,134,30
,,
ROI_7,135,19
,,
ROI_7,136,20
,,
ROI_7,137,24
,,
ROI_7,138,29
,,
ROI_7,139,21
,,
ROI_7,140,22
,,
ROI_7,141,21
,,
ROI_7,142,16
,,
ROI_7,143,20
,,
ROI_7,144,25
,,
ROI_7,145,20
,,
ROI_7,146,17
,,
ROI_7,147,19
,,
ROI_7,148,12
,,
ROI_7,149,17
,,
ROI_7,150,15
,,
ROI_7,151,20
,,
ROI_7,152,17
,,
ROI_7,153,18
,,
ROI_7,154,25
,,
ROI_7,155,15
,,
ROI_7,156,19
,,
ROI_7,157,13
,,
ROI_7,158,16
,,
ROI_7,159,13
,,
ROI_7,160,23
,,
ROI_7,161,17
,,
ROI_7,162,22
,,
ROI_7,163,15
,,
ROI_7,164,20
,,
ROI_7,165,13
,,
ROI_7,166,12
,,
ROI_7,167,20
,,
ROI_7,168,19
,,
ROI_7,169,12
,,
ROI_7,170,13
,,
ROI_7,171,12
,,
ROI_7,172,14
,,
ROI_7,173,25
,,
ROI_7,174,12
,,
ROI_7,175,15
,,
ROI_7,176,12
,,
ROI_7,177,15
,,
ROI_7,178,15
,,
ROI_7,179,9
,,
ROI_7,180,16
,,
ROI_7,181,19
,,
ROI_7,182,10
,,
ROI_7,183,14
,,
ROI_7,184,11
,,
ROI_7,185,9
,,
ROI_7,186,15
,,
ROI_7,187,14
,,
ROI_7,188,16
,,
ROI_7,189,11
,,
ROI_7,190,9
,,
ROI_7,191,15
,,
ROI_7,192,10
,,
ROI_7,193,14
,,
ROI_7,194,15
,,
ROI_7,195,6
,,
ROI_7,196,10
,,
ROI_7,197,11
,,
ROI_7,198,10
,,
ROI_7,199,15
,,
ROI_7,200,11
,,
ROI_7,201,5
,,
ROI_7,202,12
,,
ROI_7,203,13
,,
ROI_7,204,12
,,
ROI_7,205,10
,,
ROI_7,206,10
,,
ROI_7,207,10
,,
ROI_7,208,7
,,
ROI_7,209,9
,,
ROI_7,210,7
,,
ROI_7,211,10
,,
ROI_7,212,5
,,
ROI_7,213,8
,,
ROI_7,214,5
,,
ROI_7,215,16
,,
ROI_7,216,9
,,
ROI_7,217,7
,,
ROI_7,218,12
,,
ROI_7,219,10
,,
ROI_7,220,12
,,
ROI_7,221,10
,,
ROI_7,222,14
,,
ROI_7,223,7
,,
ROI_7,224,7
,,
ROI_7,225,16
,,
ROI_7,226,6
,,
ROI_7,227,8
,,
ROI_7,228,15
,,
ROI_7,229,7
,,
ROI_7,230,6
,,
ROI_7,231,7
,,
ROI_7,232,15
,,
ROI_7,233,6
,,
ROI_7,234,6
,,
ROI_7,235,4
,,
ROI_7,236,7
,,
ROI_7,237,10
,,
ROI_7,238,11
,,
ROI_7,239,12
,,
ROI_7,240,7
,,
ROI_7,241,4
,,
ROI_7,242,7
,,
ROI_7,243,10
,,
ROI_7,244,2
,,
ROI_7,245,9
,,
ROI_7,246,11
,,
ROI_7,247,8
,,
ROI_7,248,8
,,
ROI_7,249,7
,,
ROI_7,250,5
,,
ROI_7,251,6
,,
ROI_7,252,5
,,
ROI_7,253,6
,,
ROI_7,254,8
,,
ROI_7,255,658
,,
ROI_8,0,2058
,,
ROI_8,1,566
,,
ROI_8,2,624
,,
ROI_8,3,542
,,
ROI_8,4,500
,,
ROI_8,5,476
,,
ROI_8,6,426
,,
ROI_8,7,421
,,
ROI_8,8,450
,,
ROI_8,9,383
,,
ROI_8,10,384
,,
ROI_8,11,442
,,
ROI_8,12,309
,,
ROI_8,13,351
,,
ROI_8,14,297
,,
ROI_8,15,326
,,
ROI_8,16,329
,,
ROI_8,17,283
,,
ROI_8,18,325
,,
ROI_8,19,242
,,
ROI_8,20,238
,,
ROI_8,21,289
,,
ROI_8,22,221
,,
ROI_8,23,224
,,
ROI_8,24,240
,,
ROI_8,25,228
,,
ROI_8,26,230
,,
ROI_8,27,213
,,
ROI_8,28,234
,,
ROI_8,29,174
,,
ROI_8,30,180
,,
ROI_8,31,195
,,
ROI_8,32,153
,,
ROI_8,33,134
,,
ROI_8,34,182
,,
ROI_8,35,164
,,
ROI_8,36,123
,,
ROI_8,37,181
,,
ROI_8,38,144
,,
ROI_8,39,119
,,
ROI_8,40,130
,,
ROI_8,41,162
,,
ROI_8,42,114
,,
ROI_8,43,117
,,
ROI_8,44,112
,,
ROI_8,45,97
,,
ROI_8,46,110
,,
ROI_8,47,119
,,
ROI_8,48,108
,,
ROI_8,49,95
,,
ROI_8,50,90
,,
ROI_8,51,81
,,
ROI_8,52,100
,,
ROI_8,53,108
,,
ROI_8,54,85
,,
ROI_8,55,86
,,
ROI_8,56,68
,,
ROI_8,57,84
,,
ROI_8,58,96
,,
ROI_8,59,70
,,
ROI_8,60,85
,,
ROI_8,61,76
,,
ROI_8,62,58
,,
ROI_8,63,75
,,
ROI_8,64,70
,,
ROI_8,65,61
,,
ROI_8,66,58
,,
ROI_8,67,70
,,
ROI_8,68,63
,,
ROI_8,69,67
,,
ROI_8,70,87
,,
ROI_8,71,64
,,
ROI_8,72,55
,,
ROI_8,73,58
,,
ROI_8,74,56
,,
ROI_8,75,62
,,
ROI_8,76,59
,,
ROI_8,77,40
,,
ROI_8,78,45
,,
ROI_8,79,49
,,
ROI_8,80,42
,,
ROI_8,81,61
,,
ROI_8,82,50
,,
ROI_8,83,66
,,
ROI_8,84,56
,,
ROI_8,85,43
,,
ROI_8,86,40
,,
ROI_8,87,39
,,
ROI_8,88,39
,,
ROI_8,89,49
,,
ROI_8,90,48
,,
ROI_8,91,35
,,
ROI_8,92,55
,,
ROI_8,93,39
,,
ROI_8,94,28
,,
ROI_8,95,40
,,
ROI_8,96,45
,,
ROI_8,97,38
,,
ROI_8,98,34
,,
ROI_8,99,53
,,
ROI_8,100,40
,,
ROI_8,101,31
,,
ROI_8,102,43
,,
ROI_8,103,38
,,
ROI_8,104,35
,,
ROI_8,105,43
,,
ROI_8,106,33
,,
ROI_8,107,23
,,
ROI_8,108,27
,,
ROI_8,109,36
,,
ROI_8,110,31
,,
ROI_8,111,24
,,
ROI_8,112,34
,,
ROI_8,113,28
,,
ROI_8,114,27
,,
ROI_8,115,28
,,
ROI_8,116,41
,,
ROI_8,117,32
,,
ROI_8,118,29
,,
ROI_8,119,32
,,
ROI_8,120,36
,,
ROI_8,121,34
,,
ROI_8,122,38
,,
ROI_8,123,23
,,
ROI_8,124,31
,,
ROI_8,125,20
,,
ROI_8,126,26
,,
ROI_8,127,24
,,
ROI_8,128,27
,,
ROI_8,129,22
,,
ROI_8,130,31
,,
ROI_8,131,25
,,
ROI_8,132,25
,,
ROI_8,133,19
,,
ROI_8,134,29
,,
ROI_8,135,18
,,
ROI_8,136,14
,,
ROI_8,137,26
,,
ROI_8,138,31
,,
ROI_8,139,33
,,
ROI_8,140,26
,,
ROI_8,141,32
,,
ROI_8,142,21
,,
ROI_8,143,26
,,
ROI_8,144,25
,,
ROI_8,145,18
,,
ROI_8,146,23
,,
ROI_8,147,25
,,
ROI_8,148,15
,,
ROI_8,149,23
,,
ROI_8,150,22
,,
ROI_8,151,31
,,
ROI_8,152,10
,,
ROI_8,153,16
,,
ROI_8,154,22
,,
ROI_8,155,14
,,
ROI_8,156,22
,,
ROI_8,157,17
,,
ROI_8,158,23
,,
ROI_8,159,21
,,
ROI_8,160,20
,,
ROI_8,161,17
,,
ROI_8,162,14
,,
ROI_8,163,13
,,
ROI_8,164,23
,,
ROI_8,165,18
,,
ROI_8,166,18
,,
ROI_8,167,17
,,
ROI_8,168,20
,,
ROI_8,169,20
,,
ROI_8,170,15
,,
ROI_8,171,19
,,
ROI_8,172,17
,,
ROI_8,173,20
,,
ROI_8,174,16
,,
ROI_8,175,13
,,
ROI_8,176,13
,,
ROI_8,177,21
,,
ROI_8,178,12
,,
ROI_8,179,19
,,
ROI_8,180,20
,,
ROI_8,181,14
,,
ROI_8,182,11
,,
ROI_8,183,17
,,
ROI_8,184,16
,,
ROI_8,185,5
,,
ROI_8,186,15
,,
ROI_8,187,16
,,
ROI_8,188,12
,,
ROI_8,189,13
,,
ROI_8,190,9
,,
ROI_8,191,8
,,
ROI_8,192,9
,,
ROI_8,193,22
,,
ROI_8,194,14
,,
ROI_8,195,18
,,
ROI_8,196,18
,,
ROI_8,197,12
,,
ROI_8,198,14
,,
ROI_8,199,12
,,
ROI_8,200,7
,,
ROI_8,201,15
,,
ROI_8,202,8
,,
ROI_8,203,9
,,
ROI_8,204,11
,,
ROI_8,205,12
,,
ROI_8,206,14
,,
ROI_8,207,7
,,
ROI_8,208,17
,,
ROI_8,209,20
,,
ROI_8,210,7
,,
ROI_8,211,12
,,
ROI_8,212,17
,,
ROI_8,213,10
,,
ROI_8,214,7
,,
ROI_8,215,14
,,
ROI_8,216,7
,,
ROI_8,217,8
,,
ROI_8,218,19
,,
ROI_8,219,13
,,
ROI_8,220,11
,,
ROI_8,221,14
,,
ROI_8,222,17
,,
ROI_8,223,10
,,
ROI_8,224,11
,,
ROI_8,225,8
,,
ROI_8,226,10
,,
ROI_8,227,14
,,
ROI_8,228,7
,,
ROI_8,229,9
,,
ROI_8,230,10
,,
ROI_8,231,15
,,
ROI_8,232,17
,,
ROI_8,233,5
,,
ROI_8,234,6
,,
ROI_8,235,8
,,
ROI_8,236,6
,,
ROI_8,237,11
,,
ROI_8,238,14
,,
ROI_8,239,11
,,
ROI_8,240,12
,,
ROI_8,241,10
,,
ROI_8,242,6
,,
ROI_8,243,16
,,
ROI_8,244,5
,,
ROI_8,245,8
,,
ROI_8,246,6
,,
ROI_8,247,7
,,
ROI_8,248,7
,,
ROI_8,249,12
,,
ROI_8,250,9
,,
ROI_8,251,10
,,
ROI_8,252,2
,,
ROI_8,253,6
,,
ROI_8,254,13
,,
ROI_8,255,1071
,,
ROI_9,0,2127
,,
ROI_9,1,658
,,
ROI_9,2,672
,,
ROI_9,3,508
,,
ROI_9,4,407
,,
ROI_9,5,438
,,
ROI_9,6,418
,,
ROI_9,7,343
,,
ROI_9,8,390
,,
ROI_9,9,332
,,
ROI_9,10,339
,,
ROI_9,11,311
,,
ROI_9,12,264
,,
ROI_9,13,320
,,
ROI_9,14,309
,,
ROI_9,15,311
,,
ROI_9,16,296
,,
ROI_9,17,284
,,
ROI_9,18,309
,,
ROI_9,19,251
,,
ROI_9,20,229
,,
ROI_9,21,233
,,
ROI_9,22,211
,,
ROI_9,23,206
,,
ROI_9,24,245
,,
ROI_9,25,179
,,
ROI_9,26,210
,,
ROI_9,27,169
,,
ROI_9,28,215
,,
ROI_9,29,188
,,
ROI_9,30,131
,,
ROI_9,31,192
,,
ROI_9,32,164
,,
ROI_9,33,135
,,
ROI_9,34,170
,,
ROI_9,35,140
,,
ROI_9,36,115
,,
ROI_9,37,149
,,
ROI_9,38,153
,,
ROI_9,39,111
,,
ROI_9,40,144
,,
ROI_9,41,136
,,
ROI_9,42,90
,,
ROI_9,43,142
,,
ROI_9,44,145
,,
ROI_9,45,128
,,
ROI_9,46,116
,,
ROI_9,47,122
,,
ROI_9,48,113
,,
ROI_9,49,100
,,
ROI_9,50,131
,,
ROI_9,51,98
,,
ROI_9,52,98
,,
ROI_9,53,102
,,
ROI_9,54,96
,,
ROI_9,55,101
,,
ROI_9,56,110
,,
ROI_9,57,106
,,
ROI_9,58,95
,,
ROI_9,59,97
,,
ROI_9,60,118
,,
ROI_9,61,74
,,
ROI_9,62,81
,,
ROI_9,63,97
,,
ROI_9,64,88
,,
ROI_9,65,71
,,
ROI_9,66,85
,,
ROI_9,67,73
,,
ROI_9,68,81
,,
ROI_9,69,73
,,
ROI_9,70,99
,,
ROI_9,71,90
,,
ROI_9,72,67
,,
ROI_9,73,91
,,
ROI_9,74,68
,,
ROI_9,75,73
,,
ROI_9,76,67
,,
ROI_9,77,58
,,
ROI_9,78,68
,,
ROI_9,79,78
,,
ROI_9,80,53
,,
ROI_9,81,66
,,
ROI_9,82,79
,,
ROI_9,83,66
,,
ROI_9,84,62
,,
ROI_9,85,57
,,
ROI_9,86,58
,,
ROI_9,87,62
,,
ROI_9,88,50
,,
ROI_9,89,56
,,
ROI_9,90,54
,,
ROI_9,91,53
,,
ROI_9,92,58
,,
ROI_9,93,45
,,
ROI_9,94,53
,,
ROI_9,95,47
,,
ROI_9,96,59
,,
ROI_9,97,52
,,
ROI_9,98,47
,,
ROI_9,99,57
,,
ROI_9,100,58
,,
ROI_9,101,35
,,
ROI_9,102,45
,,
ROI_9,103,40
,,
ROI_9,104,48
,,
ROI_9,105,43
,,
ROI_9,106,50
,,
ROI_9,107,43
,,
ROI_9,108,49
,,
ROI_9,109,42
,,
ROI_9,110,53
,,
ROI_9,111,41
,,
ROI_9,112,42
,,
ROI_9,113,42
,,
ROI_9,114,42
,,
ROI_9,115,47
,,
ROI_9,116,41
,,
ROI_9,117,31
,,
ROI_9,118,55
,,
ROI_9,119,42
,,
ROI_9,120,38
,,
ROI_9,121,39
,,
ROI_9,122,45
,,
ROI_9,123,44
,,
ROI_9,124,42
,,
ROI_9,125,38
,,
ROI_9,126,35
,,
ROI_9,127,32
,,
ROI_9,128,31
,,
ROI_9,129,38
,,
ROI_9,130,32
,,
ROI_9,131,30
,,
ROI_9,132,31
,,
ROI_9,133,36
,,
ROI_9,134,32
,,
ROI_9,135,33
,,
ROI_9,136,45
,,
ROI_9,137,27
,,
ROI_9,138,41
,,
ROI_9,139,31
,,
ROI_9,140,21
,,
ROI_9,141,41
,,
ROI_9,142,35
,,
ROI_9,143,26
,,
ROI_9,144,41
,,
ROI_9,145,44
,,
ROI_9,146,35
,,
ROI_9,147,38
,,
ROI_9,148,31
,,
ROI_9,149,24
,,
ROI_9,150,23
,,
ROI_9,151,39
,,
ROI_9,152,27
,,
ROI_9,153,29
,,
ROI_9,154,32
,,
ROI_9,155,34
,,
ROI_9,156,30
,,
ROI_9,157,33
,,
ROI_9,158,26
,,
ROI_9,159,28
,,
ROI_9,160,36
,,
ROI_9,161,25
,,
ROI_9,162,21
,,
ROI_9,163,19
,,
ROI_9,164,28
,,
ROI_9,165,37
,,
ROI_9,166,30
,,
ROI_9,167,32
,,
ROI_9,168,21
,,
ROI_9,169,25
,,
ROI_9,170,37
,,
ROI_9,171,31
,,
ROI_9,172,22
,,
ROI_9,173,31
,,
ROI_9,174,13
,,
ROI_9,175,24
,,
ROI_9,176,20
,,
ROI_9,177,22
,,
ROI_9,178,12
,,
ROI_9,179,21
,,
ROI_9,180,22
,,
ROI_9,181,24
,,
ROI_9,182,19
,,
ROI_9,183,23
,,
ROI_9,184,31
,,
ROI_9,185,21
,,
ROI_9,186,19
,,
ROI_9,187,23
,,
ROI_9,188,18
,,
ROI_9,189,23
,,
ROI_9,190,20
,,
ROI_9,191,14
,,
ROI_9,192,16
,,
ROI_9,193,19
,,
ROI_9,194,21
,,
ROI_9,195,14
,,
ROI_9,196,17
,,
ROI_9,197,21
,,
ROI_9,198,16
,,
ROI_9,199,23
,,
ROI_9,200,17
,,
ROI_9,201,17
,,
ROI_9,202,17
,,
ROI_9,203,20
,,
ROI_9,204,17
,,
ROI_9,205,14
,,
ROI_9,206,16
,,
ROI_9,207,19
,,
ROI_9,208,15
,,
ROI_9,209,20
,,
ROI_9,210,21
,,
ROI_9,211,21
,,
ROI_9,212,17
,,
ROI_9,213,19
,,
ROI_9,214,16
,,
ROI_9,215,17
,,
ROI_9,216,26
,,
ROI_9,217,13
,,
ROI_9,218,8
,,
ROI_9,219,13
,,
ROI_9,220,16
,,
ROI_9,221,19
,,
ROI_9,222,16
,,
ROI_9,223,15
,,
ROI_9,224,11
,,
ROI_9,225,17
,,
ROI_9,226,4
,,
ROI_9,227,8
,,
ROI_9,228,16
,,
ROI_9,229,15
,,
ROI_9,230,11
,,
ROI_9,231,12
,,
ROI_9,232,15
,,
ROI_9,233,14
,,
ROI_9,234,8
,,
ROI_9,235,18
,,
ROI_9,236,13
,,
ROI_9,237,11
,,
ROI_9,238,12
,,
ROI_9,239,14
,,
ROI_9,240,15
,,
ROI_9,241,11
,,
ROI_9,242,15
,,
ROI_9,243,14
,,
ROI_9,244,13
,,
ROI_9,245,17
,,
ROI_9,246,18
,,
ROI_9,247,15
,,
ROI_9,248,15
,,
ROI_9,249,13
,,
ROI_9,250,8
,,
ROI_9,251,8
,,
ROI_9,252,10
,,
ROI_9,253,11
,,
ROI_9,254,18
,,
ROI_9,255,1259
,,
ROI_10,0,3401
,,
ROI_10,1,1260
,,
ROI_10,2,1454
,,
ROI_10,3,1096
,,
ROI_10,4,1021
,,
ROI_10,5,1191
,,
ROI_10,6,851
,,
ROI_10,7,774
,,
ROI_10,8,821
,,
ROI_10,9,662
,,
ROI_10,10,588
,,
ROI_10,11,657
,,
ROI_10,12,534
,,
ROI_10,13,523
,,
ROI_10,14,465
,,
ROI_10,15,529
,,
ROI_10,16,441
,,
ROI_10,17,397
,,
ROI_10,18,478
,,
ROI_10,19,343
,,
ROI_10,20,330
,,
ROI_10,21,396
,,
ROI_10,22,309
,,
ROI_10,23,283
,,
ROI_10,24,320
,,
ROI_10,25,296
,,
ROI_10,26,222
,,
ROI_10,27,254
,,
ROI_10,28,319
,,
ROI_10,29,261
,,
ROI_10,30,205
,,
ROI_10,31,244
,,
ROI_10,32,197
,,
ROI_10,33,182
,,
ROI_10,34,225
,,
ROI_10,35,166
,,
ROI_10,36,159
,,
ROI_10,37,175
,,
ROI_10,38,166
,,
ROI_10,39,139
,,
ROI_10,40,127
,,
ROI_10,41,172
,,
ROI_10,42,115
,,
ROI_10,43,124
,,
ROI_10,44,144
,,
ROI_10,45,119
,,
ROI_10,46,104
,,
ROI_10,47,139
,,
ROI_10,48,115
,,
ROI_10,49,92
,,
ROI_10,50,136
,,
ROI_10,51,110
,,
ROI_10,52,91
,,
ROI_10,53,117
,,
ROI_10,54,95
,,
ROI_10,55,90
,,
ROI_10,56,77
,,
ROI_10,57,101
,,
ROI_10,58,68
,,
ROI_10,59,80
,,
ROI_10,60,103
,,
ROI_10,61,85
,,
ROI_10,62,77
,,
ROI_10,63,98
,,
ROI_10,64,69
,,
ROI_10,65,67
,,
ROI_10,66,82
,,
ROI_10,67,67
,,
ROI_10,68,68
,,
ROI_10,69,61
,,
ROI_10,70,76
,,
ROI_10,71,63
,,
ROI_10,72,63
,,
ROI_10,73,71
,,
ROI_10,74,53
,,
ROI_10,75,63
,,
ROI_10,76,63
,,
ROI_10,77,63
,,
ROI_10,78,61
,,
ROI_10,79,58
,,
ROI_10,80,50
,,
ROI_10,81,45
,,
ROI_10,82,49
,,
ROI_10,83,66
,,
ROI_10,84,53
,,
ROI_10,85,51
,,
ROI_10,86,55
,,
ROI_10,87,40
,,
ROI_10,88,44
,,
ROI_10,89,46
,,
ROI_10,90,33
,,
ROI_10,91,50
,,
ROI_10,92,43
,,
ROI_10,93,34
,,
ROI_10,94,38
,,
ROI_10,95,32
,,
ROI_10,96,47
,,
ROI_10,97,32
,,
ROI_10,98,31
,,
ROI_10,99,41
,,
ROI_10,100,39
,,
ROI_10,101,29
,,
ROI_10,102,46
,,
ROI_10,103,30
,,
ROI_10,104,26
,,
ROI_10,105,30
,,
ROI_10,106,26
,,
ROI_10,107,12
,,
ROI_10,108,28
,,
ROI_10,109,29
,,
ROI_10,110,33
,,
ROI_10,111,27
,,
ROI_10,112,26
,,
ROI_10,113,23
,,
ROI_10,114,24
,,
ROI_10,115,31
,,
ROI_10,116,20
,,
ROI_10,117,22
,,
ROI_10,118,28
,,
ROI_10,119,31
,,
ROI_10,120,20
,,
ROI_10,121,29
,,
ROI_10,122,31
,,
ROI_10,123,26
,,
ROI_10,124,16
,,
ROI_10,125,27
,,
ROI_10,126,20
,,
ROI_10,127,19
,,
ROI_10,128,26
,,
ROI_10,129,13
,,
ROI_10,130,20
,,
ROI_10,131,25
,,
ROI_10,132,16
,,
ROI_10,133,9
,,
ROI_10,134,17
,,
ROI_10,135,16
,,
ROI_10,136,18
,,
ROI_10,137,16
,,
ROI_10,138,13
,,
ROI_10,139,9
,,
ROI_10,140,16
,,
ROI_10,141,18
,,
ROI_10,142,11
,,
ROI_10,143,16
,,
ROI_10,144,20
,,
ROI_10,145,10
,,
ROI_10,146,9
,,
ROI_10,147,23
,,
ROI_10,148,10
,,
ROI_10,149,9
,,
ROI_10,150,14
,,
ROI_10,151,13
,,
ROI_10,152,8
,,
ROI_10,153,12
,,
ROI_10,154,11
,,
ROI_10,155,15
,,
ROI_10,156,13
,,
ROI_10,157,17
,,
ROI_10,158,15
,,
ROI_10,159,13
,,
ROI_10,160,12
,,
ROI_10,161,8
,,
ROI_10,162,8
,,
ROI_10,163,13
,,
ROI_10,164,14
,,
ROI_10,165,9
,,
ROI_10,166,10
,,
ROI_10,167,14
,,
ROI_10,168,8
,,
ROI_10,169,10
,,
ROI_10,170,13
,,
ROI_10,171,7
,,
ROI_10,172,2
,,
ROI_10,173,10
,,
ROI_10,174,13
,,
ROI_10,175,8
,,
ROI_10,176,3
,,
ROI_10,177,12
,,
ROI_10,178,6
,,
ROI_10,179,6
,,
ROI_10,180,13
,,
ROI_10,181,9
,,
ROI_10,182,8
,,
ROI_10,183,4
,,
ROI_10,184,11
,,
ROI_10,185,2
,,
ROI_10,186,7
,,
ROI_10,187,5
,,
ROI_10,188,5
,,
ROI_10,189,7
,,
ROI_10,190,5
,,
ROI_10,191,5
,,
ROI_10,192,4
,,
ROI_10,193,6
,,
ROI_10,194,8
,,
ROI_10,195,4
,,
ROI_10,196,5
,,
ROI_10,197,4
,,
ROI_10,198,5
,,
ROI_10,199,4
,,
ROI_10,200,5
,,
ROI_10,201,4
,,
ROI_10,202,4
,,
ROI_10,203,8
,,
ROI_10,204,7
,,
ROI_10,205,6
,,
ROI_10,206,4
,,
ROI_10,207,3
,,
ROI_10,208,3
,,
ROI_10,209,3
,,
ROI_10,210,5
,,
ROI_10,211,6
,,
ROI_10,212,7
,,
ROI_10,213,5
,,
ROI_10,214,4
,,
ROI_10,215,3
,,
ROI_10,216,2
,,
ROI_10,217,4
,,
ROI_10,218,4
,,
ROI_10,219,5
,,
ROI_10,220,3
,,
ROI_10,221,3
,,
ROI_10,222,7
,,
ROI_10,223,2
,,
ROI_10,224,2
,,
ROI_10,225,2
,,
ROI_10,226,4
,,
ROI_10,227,5
,,
ROI_10,228,4
,,
ROI_10,229,2
,,
ROI_10,230,1
,,
ROI_10,231,2
,,
ROI_10,232,3
,,
ROI_10,233,2
,,
ROI_10,234,3
,,
ROI_10,235,0
,,
ROI_10,236,4
,,
ROI_10,237,4
,,
ROI_10,238,2
,,
ROI_10,239,6
,,
ROI_10,240,3
,,
ROI_10,241,1
,,
ROI_10,242,3
,,
ROI_10,243,5
,,
ROI_10,244,4
,,
ROI_10,245,4
,,
ROI_10,246,10
,,
ROI_10,247,1
,,
ROI_10,248,5
,,
ROI_10,249,5
,,
ROI_10,250,3
,,
ROI_10,251,2
,,
ROI_10,252,3
,,
ROI_10,253,4
,,
ROI_10,254,2
,,
ROI_10,255,192
,,
ROI_11,0,518
,,
ROI_11,1,106
,,
ROI_11,2,114
,,
ROI_11,3,64
,,
ROI_11,4,53
,,
ROI_11,5,36
,,
ROI_11,6,31
,,
ROI_11,7,32
,,
ROI_11,8,30
,,
ROI_11,9,24
,,
ROI_11,10,25
,,
ROI_11,11,18
,,
ROI_11,12,22
,,
ROI_11,13,13
,,
ROI_11,14,20
,,
ROI_11,15,19
,,
ROI_11,16,12
,,
ROI_11,17,11
,,
ROI_11,18,18
,,
ROI_11,19,14
,,
ROI_11,20,17
,,
ROI_11,21,16
,,
ROI_11,22,8
,,
ROI_11,23,5
,,
ROI_11,24,7
,,
ROI_11,25,13
,,
ROI_11,26,11
,,
ROI_11,27,4
,,
ROI_11,28,7
,,
ROI_11,29,8
,,
ROI_11,30,12
,,
ROI_11,31,18
,,
ROI_11,32,14
,,
ROI_11,33,4
,,
ROI_11,34,7
,,
ROI_11,35,3
,,
ROI_11,36,5
,,
ROI_11,37,11
,,
ROI_11,38,1
,,
ROI_11,39,6
,,
ROI_11,40,9
,,
ROI_11,41,4
,,
ROI_11,42,8
,,
ROI_11,43,6
,,
ROI_11,44,4
,,
ROI_11,45,7
,,
ROI_11,46,7
,,
ROI_11,47,10
,,
ROI_11,48,6
,,
ROI_11,49,3
,,
ROI_11,50,7
,,
ROI_11,51,5
,,
ROI_11,52,6
,,
ROI_11,53,2
,,
ROI_11,54,6
,,
ROI_11,55,7
,,
ROI_11,56,6
,,
ROI_11,57,7
,,
ROI_11,58,6
,,
ROI_11,59,8
,,
ROI_11,60,6
,,
ROI_11,61,5
,,
ROI_11,62,5
,,
ROI_11,63,6
,,
ROI_11,64,3
,,
ROI_11,65,3
,,
ROI_11,66,7
,,
ROI_11,67,5
,,
ROI_11,68,0
,,
ROI_11,69,1
,,
ROI_11,70,9
,,
ROI_11,71,5
,,
ROI_11,72,5
,,
ROI_11,73,8
,,
ROI_11,74,10
,,
ROI_11,75,7
,,
ROI_11,76,4
,,
ROI_11,77,4
,,
ROI_11,78,1
,,
ROI_11,79,5
,,
ROI_11,80,7
,,
ROI_11,81,6
,,
ROI_11,82,6
,,
ROI_11,83,5
,,
ROI_11,84,4
,,
ROI_11,85,4
,,
ROI_11,86,5
,,
ROI_11,87,6
,,
ROI_11,88,1
,,
ROI_11,89,6
,,
ROI_11,90,3
,,
ROI_11,91,4
,,
ROI_11,92,0
,,
ROI_11,93,3
,,
ROI_11,94,1
,,
ROI_11,95,2
,,
ROI_11,96,6
,,
ROI_11,97,2
,,
ROI_11,98,1
,,
ROI_11,99,4
,,
ROI_11,100,6
,,
ROI_11,101,4
,,
ROI_11,102,6
,,
ROI_11,103,2
,,
ROI_11,104,4
,,
ROI_11,105,3
,,
ROI_11,106,3
,,
ROI_11,107,3
,,
ROI_11,108,3
,,
ROI_11,109,1
,,
ROI_11,110,3
,,
ROI_11,111,1
,,
ROI_11,112,4
,,
ROI_11,113,3
,,
ROI_11,114,2
,,
ROI_11,115,2
,,
ROI_11,116,1
,,
ROI_11,117,1
,,
ROI_11,118,2
,,
ROI_11,119,3
,,
ROI_11,120,1
,,
ROI_11,121,2
,,
ROI_11,122,0
,,
ROI_11,123,3
,,
ROI_11,124,2
,,
ROI_11,125,0
,,
ROI_11,126,2
,,
ROI_11,127,3
,,
ROI_11,128,0
,,
ROI_11,129,2
,,
ROI_11,130,0
,,
ROI_11,131,5
,,
ROI_11,132,3
,,
ROI_11,133,0
,,
ROI_11,134,3
,,
ROI_11,135,3
,,
ROI_11,136,2
,,
ROI_11,137,1
,,
ROI_11,138,1
,,
ROI_11,139,2
,,
ROI_11,140,0
,,
ROI_11,141,2
,,
ROI_11,142,1
,,
ROI_11,143,1
,,
ROI_11,144,2
,,
ROI_11,145,2
,,
ROI_11,146,1
,,
ROI_11,147,1
,,
ROI_11,148,0
,,
ROI_11,149,3
,,
ROI_11,150,3
,,
ROI_11,151,5
,,
ROI_11,152,1
,,
ROI_11,153,1
,,
ROI_11,154,2
,,
ROI_11,155,1
,,
ROI_11,156,0
,,
ROI_11,157,0
,,
ROI_11,158,3
,,
ROI_11,159,0
,,
ROI_11,160,2
,,
ROI_11,161,2
,,
ROI_11,162,1
,,
ROI_11,163,1
,,
ROI_11,164,3
,,
ROI_11,165,1
,,
ROI_11,166,2
,,
ROI_11,167,2
,,
ROI_11,168,1
,,
ROI_11,169,3
,,
ROI_11,170,2
,,
ROI_11,171,0
,,
ROI_11,172,0
,,
ROI_11,173,0
,,
ROI_11,174,1
,,
ROI_11,175,1
,,
ROI_11,176,2
,,
ROI_11,177,0
,,
ROI_11,178,0
,,
ROI_11,179,0
,,
ROI_11,180,3
,,
ROI_11,181,1
,,
ROI_11,182,2
,,
ROI_11,183,3
,,
ROI_11,184,2
,,
ROI_11,185,1
,,
ROI_11,186,1
,,
ROI_11,187,0
,,
ROI_11,188,1
,,
ROI_11,189,1
,,
ROI_11,190,1
,,
ROI_11,191,1
,,
ROI_11,192,0
,,
ROI_11,193,1
,,
ROI_11,194,1
,,
ROI_11,195,0
,,
ROI_11,196,0
,,
ROI_11,197,0
,,
ROI_11,198,1
,,
ROI_11,199,2
,,
ROI_11,200,2
,,
ROI_11,201,2
,,
ROI_11,202,0
,,
ROI_11,203,5
,,
ROI_11,204,1
,,
ROI_11,205,0
,,
ROI_11,206,0
,,
ROI_11,207,0
,,
ROI_11,208,1
,,
ROI_11,209,1
,,
ROI_11,210,1
,,
ROI_11,211,2
,,
ROI_11,212,1
,,
ROI_11,213,1
,,
ROI_11,214,1
,,
ROI_11,215,0
,,
ROI_11,216,2
,,
ROI_11,217,1
,,
ROI_11,218,3
,,
ROI_11,219,2
,,
ROI_11,220,2
,,
ROI_11,221,0
,,
ROI_11,222,0
,,
ROI_11,223,1
,,
ROI_11,224,0
,,
ROI_11,225,1
,,
ROI_11,226,0
,,
ROI_11,227,3
,,
ROI_11,228,2
,,
ROI_11,229,1
,,
ROI_11,230,1
,,
ROI_11,231,1
,,
ROI_11,232,0
,,
ROI_11,233,1
,,
ROI_11,234,2
,,
ROI_11,235,0
,,
ROI_11,236,3
,,
ROI_11,237,2
,,
ROI_11,238,0
,,
ROI_11,239,1
,,
ROI_11,240,0
,,
ROI_11,241,0
,,
ROI_11,242,2
,,
ROI_11,243,0
,,
ROI_11,244,0
,,
ROI_11,245,1
,,
ROI_11,246,1
,,
ROI_11,247,0
,,
ROI_11,248,1
,,
ROI_11,249,3
,,
ROI_11,250,0
,,
ROI_11,251,0
,,
ROI_11,252,3
,,
ROI_11,253,0
,,
ROI_11,254,1
,,
ROI_11,255,99
,,
ROI_12,0,469
,,
ROI_12,1,179
,,
ROI_12,2,230
,,
ROI_12,3,212
,,
ROI_12,4,224
,,
ROI_12,5,269
,,
ROI_12,6,255
,,
ROI_12,7,242
,,
ROI_12,8,231
,,
ROI_12,9,231
,,
ROI_12,10,231
,,
ROI_12,11,245
,,
ROI_12,12,231
,,
ROI_12,13,222
,,
ROI_12,14,183
,,
ROI_12,15,269
,,
ROI_12,16,245
,,
ROI_12,17,169
,,
ROI_12,18,256
,,
ROI_12,19,209
,,
ROI_12,20,186
,,
ROI_12,21,237
,,
ROI_12,22,178
,,
ROI_12,23,204
,,
ROI_12,24,217
,,
ROI_12,25,178
,,
ROI_12,26,170
,,
ROI_12,27,163
,,
ROI_12,28,227
,,
ROI_12,29,171
,,
ROI_12,30,187
,,
ROI_12,31,228
,,
ROI_12,32,173
,,
ROI_12,33,188
,,
ROI_12,34,219
,,
ROI_12,35,186
,,
ROI_12,36,182
,,
ROI_12,37,184
,,
ROI_12,38,163
,,
ROI_12,39,158
,,
ROI_12,40,149
,,
ROI_12,41,207
,,
ROI_12,42,146
,,
ROI_12,43,148
,,
ROI_12,44,175
,,
ROI_12,45,146
,,
ROI_12,46,159
,,
ROI_12,47,180
,,
ROI_12,48,145
,,
ROI_12,49,168
,,
ROI_12,50,151
,,
ROI_12,51,133
,,
ROI_12,52,159
,,
ROI_12,53,153
,,
ROI_12,54,139
,,
ROI_12,55,110
,,
ROI_12,56,143
,,
ROI_12,57,142
,,
ROI_12,58,111
,,
ROI_12,59,135
,,
ROI_12,60,154
,,
ROI_12,61,113
,,
ROI_12,62,128
,,
ROI_12,63,143
,,
ROI_12,64,113
,,
ROI_12,65,106
,,
ROI_12,66,138
,,
ROI_12,67,108
,,
ROI_12,68,102
,,
ROI_12,69,97
,,
ROI_12,70,152
,,
ROI_12,71,98
,,
ROI_12,72,106
,,
ROI_12,73,120
,,
ROI_12,74,103
,,
ROI_12,75,104
,,
ROI_12,76,132
,,
ROI_12,77,97
,,
ROI_12,78,102
,,
ROI_12,79,124
,,
ROI_12,80,93
,,
ROI_12,81,102
,,
ROI_12,82,88
,,
ROI_12,83,121
,,
ROI_12,84,94
,,
ROI_12,85,93
,,
ROI_12,86,110
,,
ROI_12,87,82
,,
ROI_12,88,83
,,
ROI_12,89,108
,,
ROI_12,90,80
,,
ROI_12,91,91
,,
ROI_12,92,107
,,
ROI_12,93,85
,,
ROI_12,94,89
,,
ROI_12,95,79
,,
ROI_12,96,104
,,
ROI_12,97,85
,,
ROI_12,98,84
,,
ROI_12,99,81
,,
ROI_12,100,79
,,
ROI_12,101,64
,,
ROI_12,102,82
,,
ROI_12,103,74
,,
ROI_12,104,84
,,
ROI_12,105,82
,,
ROI_12,106,86
,,
ROI_12,107,65
,,
ROI_12,108,65
,,
ROI_12,109,92
,,
ROI_12,110,74
,,
ROI_12,111,95
,,
ROI_12,112,84
,,
ROI_12,113,81
,,
ROI_12,114,64
,,
ROI_12,115,84
,,
ROI_12,116,67
,,
ROI_12,117,75
,,
ROI_12,118,77
,,
ROI_12,119,60
,,
ROI_12,120,53
,,
ROI_12,121,67
,,
ROI_12,122,85
,,
ROI_12,123,73
,,
ROI_12,124,59
,,
ROI_12,125,95
,,
ROI_12,126,60
,,
ROI_12,127,45
,,
ROI_12,128,66
,,
ROI_12,129,66
,,
ROI_12,130,59
,,
ROI_12,131,62
,,
ROI_12,132,67
,,
ROI_12,133,58
,,
ROI_12,134,61
,,
ROI_12,135,46
,,
ROI_12,136,45
,,
ROI_12,137,53
,,
ROI_12,138,61
,,
ROI_12,139,46
,,
ROI_12,140,53
,,
ROI_12,141,54
,,
ROI_12,142,53
,,
ROI_12,143,72
,,
ROI_12,144,71
,,
ROI_12,145,53
,,
ROI_12,146,47
,,
ROI_12,147,45
,,
ROI_12,148,50
,,
ROI_12,149,32
,,
ROI_12,150,42
,,
ROI_12,151,51
,,
ROI_12,152,40
,,
ROI_12,153,53
,,
ROI_12,154,39
,,
ROI_12,155,34
,,
ROI_12,156,41
,,
ROI_12,157,57
,,
ROI_12,158,43
,,
ROI_12,159,37
,,
ROI_12,160,52
,,
ROI_12,161,32
,,
ROI_12,162,41
,,
ROI_12,163,36
,,
ROI_12,164,39
,,
ROI_12,165,37
,,
ROI_12,166,32
,,
ROI_12,167,37
,,
ROI_12,168,32
,,
ROI_12,169,39
,,
ROI_12,170,43
,,
ROI_12,171,37
,,
ROI_12,172,42
,,
ROI_12,173,41
,,
ROI_12,174,35
,,
ROI_12,175,41
,,
ROI_12,176,26
,,
ROI_12,177,41
,,
ROI_12,178,33
,,
ROI_12,179,33
,,
ROI_12,180,57
,,
ROI_12,181,23
,,
ROI_12,182,42
,,
ROI_12,183,52
,,
ROI_12,184,29
,,
ROI_12,185,27
,,
ROI_12,186,39
,,
ROI_12,187,28
,,
ROI_12,188,22
,,
ROI_12,189,45
,,
ROI_12,190,39
,,
ROI_12,191,24
,,
ROI_12,192,24
,,
ROI_12,193,32
,,
ROI_12,194,30
,,
ROI_12,195,24
,,
ROI_12,196,31
,,
ROI_12,197,23
,,
ROI_12,198,20
,,
ROI_12,199,29
,,
ROI_12,200,34
,,
ROI_12,201,23
,,
ROI_12,202,30
,,
ROI_12,203,28
,,
ROI_12,204,35
,,
ROI_12,205,22
,,
ROI_12,206,33
,,
ROI_12,207,31
,,
ROI_12,208,21
,,
ROI_12,209,32
,,
ROI_12,210,22
,,
ROI_12,211,22
,,
ROI_12,212,35
,,
ROI_12,213,23
,,
ROI_12,214,19
,,
ROI_12,215,34
,,
ROI_12,216,18
,,
ROI_12,217,27
,,
ROI_12,218,22
,,
ROI_12,219,25
,,
ROI_12,220,31
,,
ROI_12,221,20
,,
ROI_12,222,20
,,
ROI_12,223,18
,,
ROI_12,224,17
,,
ROI_12,225,23
,,
ROI_12,226,21
,,
ROI_12,227,18
,,
ROI_12,228,21
,,
ROI_12,229,19
,,
ROI_12,230,17
,,
ROI_12,231,16
,,
ROI_12,232,29
,,
ROI_12,233,18
,,
ROI_12,234,22
,,
ROI_12,235,20
,,
ROI_12,236,18
,,
ROI_12,237,21
,,
ROI_12,238,16
,,
ROI_12,239,20
,,
ROI_12,240,19
,,
ROI_12,241,14
,,
ROI_12,242,26
,,
ROI_12,243,19
,,
ROI_12,244,19
,,
ROI_12,245,17
,,
ROI_12,246,16
,,
ROI_12,247,14
,,
ROI_12,248,25
,,
ROI_12,249,17
,,
ROI_12,250,16
,,
ROI_12,251,22
,,
ROI_12,252,16
,,
ROI_12,253,22
,,
ROI_12,254,16
,,
ROI_12,255,2239
,,
ROI_13,0,225
,,
ROI_13,1,100
,,
ROI_13,2,104
,,
ROI_13,3,75
,,
ROI_13,4,73
,,
ROI_13,5,62
,,
ROI_13,6,39
,,
ROI_13,7,30
,,
ROI_13,8,36
,,
ROI_13,9,21
,,
ROI_13,10,16
,,
ROI_13,11,22
,,
ROI_13,12,15
,,
ROI_13,13,16
,,
ROI_13,14,13
,,
ROI_13,15,17
,,
ROI_13,16,16
,,
ROI_13,17,14
,,
ROI_13,18,18
,,
ROI_13,19,8
,,
ROI_13,20,9
,,
ROI_13,21,18
,,
ROI_13,22,14
,,
ROI_13,23,6
,,
ROI_13,24,11
,,
ROI_13,25,8
,,
ROI_13,26,11
,,
ROI_13,27,11
,,
ROI_13,28,11
,,
ROI_13,29,11
,,
ROI_13,30,6
,,
ROI_13,31,6
,,
ROI_13,32,9
,,
ROI_13,33,12
,,
ROI_13,34,9
,,
ROI_13,35,6
,,
ROI_13,36,8
,,
ROI_13,37,12
,,
ROI_13,38,3
,,
ROI_13,39,5
,,
ROI_13,40,6
,,
ROI_13,41,5
,,
ROI_13,42,9
,,
ROI_13,43,4
,,
ROI_13,44,5
,,
ROI_13,45,7
,,
ROI_13,46,6
,,
ROI_13,47,9
,,
ROI_13,48,3
,,
ROI_13,49,12
,,
ROI_13,50,5
,,
ROI_13,51,7
,,
ROI_13,52,6
,,
ROI_13,53,14
,,
ROI_13,54,4
,,
ROI_13,55,6
,,
ROI_13,56,10
,,
ROI_13,57,8
,,
ROI_13,58,7
,,
ROI_13,59,8
,,
ROI_13,60,5
,,
ROI_13,61,8
,,
ROI_13,62,6
,,
ROI_13,63,8
,,
ROI_13,64,3
,,
ROI_13,65,5
,,
ROI_13,66,7
,,
ROI_13,67,5
,,
ROI_13,68,1
,,
ROI_13,69,7
,,
ROI_13,70,5
,,
ROI_13,71,2
,,
ROI_13,72,5
,,
ROI_13,73,7
,,
ROI_13,74,4
,,
ROI_13,75,3
,,
ROI_13,76,9
,,
ROI_13,77,3
,,
ROI_13,78,3
,,
ROI_13,79,7
,,
ROI_13,80,4
,,
ROI_13,81,2
,,
ROI_13,82,4
,,
ROI_13,83,1
,,
ROI_13,84,1
,,
ROI_13,85,5
,,
ROI_13,86,5
,,
ROI_13,87,0
,,
ROI_13,88,4
,,
ROI_13,89,2
,,
ROI_13,90,6
,,
ROI_13,91,1
,,
ROI_13,92,5
,,
ROI_13,93,1
,,
ROI_13,94,3
,,
ROI_13,95,1
,,
ROI_13,96,3
,,
ROI_13,97,3
,,
ROI_13,98,2
,,
ROI_13,99,5
,,
ROI_13,100,2
,,
ROI_13,101,3
,,
ROI_13,102,3
,,
ROI_13,103,2
,,
ROI_13,104,4
,,
ROI_13,105,2
,,
ROI_13,106,4
,,
ROI_13,107,1
,,
ROI_13,108,3
,,
ROI_13,109,3
,,
ROI_13,110,1
,,
ROI_13,111,7
,,
ROI_13,112,2
,,
ROI_13,113,2
,,
ROI_13,114,4
,,
ROI_13,115,0
,,
ROI_13,116,1
,,
ROI_13,117,3
,,
ROI_13,118,3
,,
ROI_13,119,2
,,
ROI_13,120,2
,,
ROI_13,121,1
,,
ROI_13,122,4
,,
ROI_13,123,1
,,
ROI_13,124,2
,,
ROI_13,125,2
,,
ROI_13,126,1
,,
ROI_13,127,4
,,
ROI_13,128,1
,,
ROI_13,129,6
,,
ROI_13,130,2
,,
ROI_13,131,5
,,
ROI_13,132,2
,,
ROI_13,133,1
,,
ROI_13,134,3
,,
ROI_13,135,1
,,
ROI_13,136,0
,,
ROI_13,137,1
,,
ROI_13,138,0
,,
ROI_13,139,0
,,
ROI_13,140,1
,,
ROI_13,141,0
,,
ROI_13,142,0
,,
ROI_13,143,1
,,
ROI_13,144,1
,,
ROI_13,145,2
,,
ROI_13,146,1
,,
ROI_13,147,0
,,
ROI_13,148,1
,,
ROI_13,149,0
,,
ROI_13,150,1
,,
ROI_13,151,1
,,
ROI_13,152,1
,,
ROI_13,153,2
,,
ROI_13,154,1
,,
ROI_13,155,2
,,
ROI_13,156,1
,,
ROI_13,157,2
,,
ROI_13,158,1
,,
ROI_13,159,2
,,
ROI_13,160,5
,,
ROI_13,161,1
,,
ROI_13,162,1
,,
ROI_13,163,2
,,
ROI_13,164,0
,,
ROI_13,165,2
,,
ROI_13,166,0
,,
ROI_13,167,0
,,
ROI_13,168,0
,,
ROI_13,169,2
,,
ROI_13,170,1
,,
ROI_13,171,0
,,
ROI_13,172,0
,,
ROI_13,173,1
,,
ROI_13,174,1
,,
ROI_13,175,0
,,
ROI_13,176,0
,,
ROI_13,177,1
,,
ROI_13,178,0
,,
ROI_13,179,1
,,
ROI_13,180,1
,,
ROI_13,181,1
,,
ROI_13,182,0
,,
ROI_13,183,1
,,
ROI_13,184,0
,,
ROI_13,185,2
,,
ROI_13,186,0
,,
ROI_13,187,1
,,
ROI_13,188,0
,,
ROI_13,189,0
,,
ROI_13,190,0
,,
ROI_13,191,1
,,
ROI_13,192,1
,,
ROI_13,193,1
,,
ROI_13,194,0
,,
ROI_13,195,0
,,
ROI_13,196,2
,,
ROI_13,197,0
,,
ROI_13,198,0
,,
ROI_13,199,0
,,
ROI_13,200,0
,,
ROI_13,201,0
,,
ROI_13,202,0
,,
ROI_13,203,1
,,
ROI_13,204,1
,,
ROI_13,205,0
,,
ROI_13,206,0
,,
ROI_13,207,1
,,
ROI_13,208,0
,,
ROI_13,209,0
,,
ROI_13,210,1
,,
ROI_13,211,0
,,
ROI_13,212,0
,,
ROI_13,213,1
,,
ROI_13,214,1
,,
ROI_13,215,1
,,
ROI_13,216,0
,,
ROI_13,217,0
,,
ROI_13,218,0
,,
ROI_13,219,2
,,
ROI_13,220,0
,,
ROI_13,221,0
,,
ROI_13,222,0
,,
ROI_13,223,1
,,
ROI_13,224,2
,,
ROI_13,225,0
,,
ROI_13,226,0
,,
ROI_13,227,0
,,
ROI_13,228,0
,,
ROI_13,229,1
,,
ROI_13,230,0
,,
ROI_13,231,1
,,
ROI_13,232,2
,,
ROI_13,233,0
,,
ROI_13,234,0
,,
ROI_13,235,0
,,
ROI_13,236,3
,,
ROI_13,237,0
,,
ROI_13,238,1
,,
ROI_13,239,0
,,
ROI_13,240,0
,,
ROI_13,241,0
,,
ROI_13,242,0
,,
ROI_13,243,0
,,
ROI_13,244,1
,,
ROI_13,245,1
,,
ROI_13,246,0
,,
ROI_13,247,0
,,
ROI_13,248,0
,,
ROI_13,249,0
,,
ROI_13,250,1
,,
ROI_13,251,0
,,
ROI_13,252,2
,,
ROI_13,253,0
,,
ROI_13,254,1
,,
ROI_13,255,18
,,
ROI_14,0,2105
,,
ROI_14,1,1187
,,
ROI_14,2,1574
,,
ROI_14,3,1190
,,
ROI_14,4,1040
,,
ROI_14,5,1169
,,
ROI_14,6,860
,,
ROI_14,7,846
,,
ROI_14,8,885
,,
ROI_14,9,758
,,
ROI_14,10,694
,,
ROI_14,11,775
,,
ROI_14,12,613
,,
ROI_14,13,585
,,
ROI_14,14,484
,,
ROI_14,15,629
,,
ROI_14,16,527
,,
ROI_14,17,452
,,
ROI_14,18,528
,,
ROI_14,19,475
,,
ROI_14,20,414
,,
ROI_14,21,472
,,
ROI_14,22,403
,,
ROI_14,23,368
,,
ROI_14,24,392
,,
ROI_14,25,335
,,
ROI_14,26,280
,,
ROI_14,27,299
,,
ROI_14,28,381
,,
ROI_14,29,276
,,
ROI_14,30,283
,,
ROI_14,31,312
,,
ROI_14,32,273
,,
ROI_14,33,233
,,
ROI_14,34,301
,,
ROI_14,35,222
,,
ROI_14,36,228
,,
ROI_14,37,271
,,
ROI_14,38,209
,,
ROI_14,39,178
,,
ROI_14,40,222
,,
ROI_14,41,212
,,
ROI_14,42,196
,,
ROI_14,43,168
,,
ROI_14,44,198
,,
ROI_14,45,180
,,
ROI_14,46,145
,,
ROI_14,47,179
,,
ROI_14,48,143
,,
ROI_14,49,157
,,
ROI_14,50,170
,,
ROI_14,51,133
,,
ROI_14,52,134
,,
ROI_14,53,171
,,
ROI_14,54,114
,,
ROI_14,55,125
,,
ROI_14,56,131
,,
ROI_14,57,148
,,
ROI_14,58,124
,,
ROI_14,59,121
,,
ROI_14,60,140
,,
ROI_14,61,113
,,
ROI_14,62,106
,,
ROI_14,63,130
,,
ROI_14,64,83
,,
ROI_14,65,95
,,
ROI_14,66,115
,,
ROI_14,67,99
,,
ROI_14,68,101
,,
ROI_14,69,89
,,
ROI_14,70,119
,,
ROI_14,71,97
,,
ROI_14,72,87
,,
ROI_14,73,108
,,
ROI_14,74,75
,,
ROI_14,75,80
,,
ROI_14,76,89
,,
ROI_14,77,74
,,
ROI_14,78,70
,,
ROI_14,79,78
,,
ROI_14,80,58
,,
ROI_14,81,64
,,
ROI_14,82,62
,,
ROI_14,83,94
,,
ROI_14,84,81
,,
ROI_14,85,77
,,
ROI_14,86,50
,,
ROI_14,87,53
,,
ROI_14,88,58
,,
ROI_14,89,67
,,
ROI_14,90,61
,,
ROI_14,91,67
,,
ROI_14,92,74
,,
ROI_14,93,44
,,
ROI_14,94,51
,,
ROI_14,95,68
,,
ROI_14,96,57
,,
ROI_14,97,62
,,
ROI_14,98,55
,,
ROI_14,99,70
,,
ROI_14,100,46
,,
ROI_14,101,54
,,
ROI_14,102,73
,,
ROI_14,103,37
,,
ROI_14,104,39
,,
ROI_14,105,55
,,
ROI_14,106,34
,,
ROI_14,107,29
,,
ROI_14,108,32
,,
ROI_14,109,56
,,
ROI_14,110,32
,,
ROI_14,111,44
,,
ROI_14,112,50
,,
ROI_14,113,28
,,
ROI_14,114,41
,,
ROI_14,115,36
,,
ROI_14,116,28
,,
ROI_14,117,36
,,
ROI_14,118,38
,,
ROI_14,119,23
,,
ROI_14,120,36
,,
ROI_14,121,30
,,
ROI_14,122,49
,,
ROI_14,123,22
,,
ROI_14,124,26
,,
ROI_14,125,24
,,
ROI_14,126,22
,,
ROI_14,127,33
,,
ROI_14,128,38
,,
ROI_14,129,33
,,
ROI_14,130,35
,,
ROI_14,131,29
,,
ROI_14,132,30
,,
ROI_14,133,20
,,
ROI_14,134,32
,,
ROI_14,135,28
,,
ROI_14,136,30
,,
ROI_14,137,39
,,
ROI_14,138,16
,,
ROI_14,139,25
,,
ROI_14,140,25
,,
ROI_14,141,33
,,
ROI_14,142,21
,,
ROI_14,143,26
,,
ROI_14,144,26
,,
ROI_14,145,21
,,
ROI_14,146,19
,,
ROI_14,147,19
,,
ROI_14,148,13
,,
ROI_14,149,16
,,
ROI_14,150,12
,,
ROI_14,151,27
,,
ROI_14,152,12
,,
ROI_14,153,16
,,
ROI_14,154,24
,,
ROI_14,155,20
,,
ROI_14,156,22
,,
ROI_14,157,28
,,
ROI_14,158,17
,,
ROI_14,159,13
,,
ROI_14,160,14
,,
ROI_14,161,12
,,
ROI_14,162,13
,,
ROI_14,163,10
,,
ROI_14,164,16
,,
ROI_14,165,24
,,
ROI_14,166,15
,,
ROI_14,167,20
,,
ROI_14,168,17
,,
ROI_14,169,14
,,
ROI_14,170,16
,,
ROI_14,171,8
,,
ROI_14,172,13
,,
ROI_14,173,16
,,
ROI_14,174,9
,,
ROI_14,175,15
,,
ROI_14,176,14
,,
ROI_14,177,15
,,
ROI_14,178,16
,,
ROI_14,179,11
,,
ROI_14,180,16
,,
ROI_14,181,12
,,
ROI_14,182,18
,,
ROI_14,183,17
,,
ROI_14,184,10
,,
ROI_14,185,11
,,
ROI_14,186,16
,,
ROI_14,187,16
,,
ROI_14,188,11
,,
ROI_14,189,16
,,
ROI_14,190,16
,,
ROI_14,191,7
,,
ROI_14,192,8
,,
ROI_14,193,13
,,
ROI_14,194,10
,,
ROI_14,195,13
,,
ROI_14,196,12
,,
ROI_14,197,16
,,
ROI_14,198,8
,,
ROI_14,199,12
,,
ROI_14,200,6
,,
ROI_14,201,10
,,
ROI_14,202,10
,,
ROI_14,203,5
,,
ROI_14,204,12
,,
ROI_14,205,8
,,
ROI_14,206,12
,,
ROI_14,207,11
,,
ROI_14,208,16
,,
ROI_14,209,7
,,
ROI_14,210,7
,,
ROI_14,211,7
,,
ROI_14,212,11
,,
ROI_14,213,3
,,
ROI_14,214,8
,,
ROI_14,215,8
,,
ROI_14,216,12
,,
ROI_14,217,10
,,
ROI_14,218,8
,,
ROI_14,219,6
,,
ROI_14,220,10
,,
ROI_14,221,4
,,
ROI_14,222,6
,,
ROI_14,223,3
,,
ROI_14,224,8
,,
ROI_14,225,9
,,
ROI_14,226,4
,,
ROI_14,227,11
,,
ROI_14,228,7
,,
ROI_14,229,6
,,
ROI_14,230,3
,,
ROI_14,231,4
,,
ROI_14,232,12
,,
ROI_14,233,6
,,
ROI_14,234,4
,,
ROI_14,235,7
,,
ROI_14,236,3
,,
ROI_14,237,5
,,
ROI_14,238,9
,,
ROI_14,239,7
,,
ROI_14,240,6
,,
ROI_14,241,1
,,
ROI_14,242,7
,,
ROI_14,243,5
,,
ROI_14,244,1
,,
ROI_14,245,7
,,
ROI_14,246,8
,,
ROI_14,247,5
,,
ROI_14,248,6
,,
ROI_14,249,4
,,
ROI_14,250,4
,,
ROI_14,251,3
,,
ROI_14,252,6
,,
ROI_14,253,3
,,
ROI_14,254,5
,,
ROI_14,255,367
,,
ROI_15,0,2236
,,
ROI_15,1,803
,,
ROI_15,2,822
,,
ROI_15,3,588
,,
ROI_15,4,495
,,
ROI_15,5,551
,,
ROI_15,6,398
,,
ROI_15,7,437
,,
ROI_15,8,402
,,
ROI_15,9,364
,,
ROI_15,10,368
,,
ROI_15,11,365
,,
ROI_15,12,307
,,
ROI_15,13,313
,,
ROI_15,14,267
,,
ROI_15,15,341
,,
ROI_15,16,258
,,
ROI_15,17,250
,,
ROI_15,18,306
,,
ROI_15,19,239
,,
ROI_15,20,218
,,
ROI_15,21,287
,,
ROI_15,22,224
,,
ROI_15,23,186
,,
ROI_15,24,231
,,
ROI_15,25,201
,,
ROI_15,26,174
,,
ROI_15,27,210
,,
ROI_15,28,231
,,
ROI_15,29,184
,,
ROI_15,30,177
,,
ROI_15,31,199
,,
ROI_15,32,155
,,
ROI_15,33,184
,,
ROI_15,34,191
,,
ROI_15,35,176
,,
ROI_15,36,165
,,
ROI_15,37,182
,,
ROI_15,38,166
,,
ROI_15,39,147
,,
ROI_15,40,167
,,
ROI_15,41,198
,,
ROI_15,42,180
,,
ROI_15,43,155
,,
ROI_15,44,177
,,
ROI_15,45,137
,,
ROI_15,46,134
,,
ROI_15,47,174
,,
ROI_15,48,135
,,
ROI_15,49,146
,,
ROI_15,50,174
,,
ROI_15,51,111
,,
ROI_15,52,121
,,
ROI_15,53,146
,,
ROI_15,54,116
,,
ROI_15,55,105
,,
ROI_15,56,105
,,
ROI_15,57,134
,,
ROI_15,58,112
,,
ROI_15,59,97
,,
ROI_15,60,115
,,
ROI_15,61,100
,,
ROI_15,62,110
,,
ROI_15,63,109
,,
ROI_15,64,78
,,
ROI_15,65,93
,,
ROI_15,66,100
,,
ROI_15,67,79
,,
ROI_15,68,87
,,
ROI_15,69,76
,,
ROI_15,70,98
,,
ROI_15,71,74
,,
ROI_15,72,97
,,
ROI_15,73,114
,,
ROI_15,74,80
,,
ROI_15,75,82
,,
ROI_15,76,79
,,
ROI_15,77,74
,,
ROI_15,78,79
,,
ROI_15,79,115
,,
ROI_15,80,69
,,
ROI_15,81,61
,,
ROI_15,82,76
,,
ROI_15,83,79
,,
ROI_15,84,60
,,
ROI_15,85,66
,,
ROI_15,86,88
,,
ROI_15,87,68
,,
ROI_15,88,61
,,
ROI_15,89,84
,,
ROI_15,90,77
,,
ROI_15,91,65
,,
ROI_15,92,60
,,
ROI_15,93,41
,,
ROI_15,94,64
,,
ROI_15,95,47
,,
ROI_15,96,92
,,
ROI_15,97,61
,,
ROI_15,98,40
,,
ROI_15,99,71
,,
ROI_15,100,50
,,
ROI_15,101,52
,,
ROI_15,102,56
,,
ROI_15,103,48
,,
ROI_15,104,48
,,
ROI_15,105,58
,,
ROI_15,106,32
,,
ROI_15,107,35
,,
ROI_15,108,41
,,
ROI_15,109,45
,,
ROI_15,110,52
,,
ROI_15,111,48
,,
ROI_15,112,49
,,
ROI_15,113,42
,,
ROI_15,114,43
,,
ROI_15,115,42
,,
ROI_15,116,51
,,
ROI_15,117,31
,,
ROI_15,118,52
,,
ROI_15,119,42
,,
ROI_15,120,39
,,
ROI_15,121,38
,,
ROI_15,122,46
,,
ROI_15,123,39
,,
ROI_15,124,38
,,
ROI_15,125,45
,,
ROI_15,126,39
,,
ROI_15,127,36
,,
ROI_15,128,46
,,
ROI_15,129,41
,,
ROI_15,130,40
,,
ROI_15,131,53
,,
ROI_15,132,30
,,
ROI_15,133,30
,,
ROI_15,134,47
,,
ROI_15,135,33
,,
ROI_15,136,38
,,
ROI_15,137,30
,,
ROI_15,138,41
,,
ROI_15,139,33
,,
ROI_15,140,38
,,
ROI_15,141,31
,,
ROI_15,142,32
,,
ROI_15,143,30
,,
ROI_15,144,35
,,
ROI_15,145,37
,,
ROI_15,146,36
,,
ROI_15,147,27
,,
ROI_15,148,20
,,
ROI_15,149,40
,,
ROI_15,150,27
,,
ROI_15,151,22
,,
ROI_15,152,24
,,
ROI_15,153,33
,,
ROI_15,154,32
,,
ROI_15,155,31
,,
ROI_15,156,26
,,
ROI_15,157,36
,,
ROI_15,158,24
,,
ROI_15,159,27
,,
ROI_15,160,35
,,
ROI_15,161,22
,,
ROI_15,162,21
,,
ROI_15,163,29
,,
ROI_15,164,29
,,
ROI_15,165,18
,,
ROI_15,166,26
,,
ROI_15,167,27
,,
ROI_15,168,27
,,
ROI_15,169,35
,,
ROI_15,170,30
,,
ROI_15,171,20
,,
ROI_15,172,20
,,
ROI_15,173,26
,,
ROI_15,174,21
,,
ROI_15,175,18
,,
ROI_15,176,16
,,
ROI_15,177,33
,,
ROI_15,178,15
,,
ROI_15,179,22
,,
ROI_15,180,24
,,
ROI_15,181,27
,,
ROI_15,182,20
,,
ROI_15,183,29
,,
ROI_15,184,36
,,
ROI_15,185,16
,,
ROI_15,186,28
,,
ROI_15,187,22
,,
ROI_15,188,15
,,
ROI_15,189,20
,,
ROI_15,190,30
,,
ROI_15,191,16
,,
ROI_15,192,19
,,
ROI_15,193,20
,,
ROI_15,194,10
,,
ROI_15,195,23
,,
ROI_15,196,29
,,
ROI_15,197,18
,,
ROI_15,198,21
,,
ROI_15,199,25
,,
ROI_15,200,17
,,
ROI_15,201,13
,,
ROI_15,202,13
,,
ROI_15,203,26
,,
ROI_15,204,11
,,
ROI_15,205,14
,,
ROI_15,206,24
,,
ROI_15,207,13
,,
ROI_15,208,13
,,
ROI_15,209,26
,,
ROI_15,210,13
,,
ROI_15,211,16
,,
ROI_15,212,16
,,
ROI_15,213,18
,,
ROI_15,214,14
,,
ROI_15,215,14
,,
ROI_15,216,13
,,
ROI_15,217,17
,,
ROI_15,218,12
,,
ROI_15,219,12
,,
ROI_15,220,12
,,
ROI_15,221,11
,,
ROI_15,222,11
,,
ROI_15,223,14
,,
ROI_15,224,9
,,
ROI_15,225,10
,,
ROI_15,226,18
,,
ROI_15,227,10
,,
ROI_15,228,11
,,
ROI_15,229,10
,,
ROI_15,230,15
,,
ROI_15,231,8
,,
ROI_15,232,6
,,
ROI_15,233,11
,,
ROI_15,234,12
,,
ROI_15,235,17
,,
ROI_15,236,13
,,
ROI_15,237,9
,,
ROI_15,238,5
,,
ROI_15,239,7
,,
ROI_15,240,10
,,
ROI_15,241,11
,,
ROI_15,242,20
,,
ROI_15,243,11
,,
ROI_15,244,5
,,
ROI_15,245,16
,,
ROI_15,246,9
,,
ROI_15,247,11
,,
ROI_15,248,17
,,
ROI_15,249,9
,,
ROI_15,250,13
,,
ROI_15,251,17
,,
ROI_15,252,10
,,
ROI_15,253,10
,,
ROI_15,254,11
,,
ROI_15,255,916
,,
ROI_16,0,312
,,
ROI_16,1,186
,,
ROI_16,2,251
,,
ROI_16,3,213
,,
ROI_16,4,218
,,
ROI_16,5,264
,,
ROI_16,6,199
,,
ROI_16,7,194
,,
ROI_16,8,254
,,
ROI_16,9,231
,,
ROI_16,10,211
,,
ROI_16,11,250
,,
ROI_16,12,234
,,
ROI_16,13,249
,,
ROI_16,14,246
,,
ROI_16,15,285
,,
ROI_16,16,261
,,
ROI_16,17,194
,,
ROI_16,18,257
,,
ROI_16,19,223
,,
ROI_16,20,159
,,
ROI_16,21,212
,,
ROI_16,22,177
,,
ROI_16,23,165
,,
ROI_16,24,191
,,
ROI_16,25,153
,,
ROI_16,26,145
,,
ROI_16,27,138
,,
ROI_16,28,157
,,
ROI_16,29,121
,,
ROI_16,30,136
,,
ROI_16,31,159
,,
ROI_16,32,125
,,
ROI_16,33,131
,,
ROI_16,34,152
,,
ROI_16,35,154
,,
ROI_16,36,129
,,
ROI_16,37,126
,,
ROI_16,38,118
,,
ROI_16,39,120
,,
ROI_16,40,124
,,
ROI_16,41,145
,,
ROI_16,42,118
,,
ROI_16,43,121
,,
ROI_16,44,133
,,
ROI_16,45,111
,,
ROI_16,46,115
,,
ROI_16,47,150
,,
ROI_16,48,105
,,
ROI_16,49,107
,,
ROI_16,50,133
,,
ROI_16,51,109
,,
ROI_16,52,105
,,
ROI_16,53,135
,,
ROI_16,54,104
,,
ROI_16,55,120
,,
ROI_16,56,124
,,
ROI_16,57,131
,,
ROI_16,58,101
,,
ROI_16,59,97
,,
ROI_16,60,97
,,
ROI_16,61,105
,,
ROI_16,62,99
,,
ROI_16,63,112
,,
ROI_16,64,101
,,
ROI_16,65,94
,,
ROI_16,66,105
,,
ROI_16,67,103
,,
ROI_16,68,98
,,
ROI_16,69,84
,,
ROI_16,70,105
,,
ROI_16,71,69
,,
ROI_16,72,68
,,
ROI_16,73,81
,,
ROI_16,74,85
,,
ROI_16,75,95
,,
ROI_16,76,86
,,
ROI_16,77,89
,,
ROI_16,78,73
,,
ROI_16,79,93
,,
ROI_16,80,75
,,
ROI_16,81,92
,,
ROI_16,82,77
,,
ROI_16,83,91
,,
ROI_16,84,76
,,
ROI_16,85,84
,,
ROI_16,86,91
,,
ROI_16,87,75
,,
ROI_16,88,62
,,
ROI_16,89,63
,,
ROI_16,90,71
,,
ROI_16,91,58
,,
ROI_16,92,70
,,
ROI_16,93,65
,,
ROI_16,94,57
,,
ROI_16,95,68
,,
ROI_16,96,69
,,
ROI_16,97,56
,,
ROI_16,98,55
,,
ROI_16,99,60
,,
ROI_16,100,65
,,
ROI_16,101,52
,,
ROI_16,102,62
,,
ROI_16,103,56
,,
ROI_16,104,50
,,
ROI_16,105,55
,,
ROI_16,106,63
,,
ROI_16,107,41
,,
ROI_16,108,39
,,
ROI_16,109,68
,,
ROI_16,110,49
,,
ROI_16,111,50
,,
ROI_16,112,53
,,
ROI_16,113,42
,,
ROI_16,114,37
,,
ROI_16,115,54
,,
ROI_16,116,49
,,
ROI_16,117,37
,,
ROI_16,118,46
,,
ROI_16,119,36
,,
ROI_16,120,35
,,
ROI_16,121,54
,,
ROI_16,122,54
,,
ROI_16,123,36
,,
ROI_16,124,45
,,
ROI_16,125,48
,,
ROI_16,126,32
,,
ROI_16,127,33
,,
ROI_16,128,36
,,
ROI_16,129,30
,,
ROI_16,130,33
,,
ROI_16,131,46
,,
ROI_16,132,35
,,
ROI_16,133,45
,,
ROI_16,134,37
,,
ROI_16,135,30
,,
ROI_16,136,32
,,
ROI_16,137,32
,,
ROI_16,138,47
,,
ROI_16,139,26
,,
ROI_16,140,27
,,
ROI_16,141,29
,,
ROI_16,142,31
,,
ROI_16,143,35
,,
ROI_16,144,37
,,
ROI_16,145,37
,,
ROI_16,146,36
,,
ROI_16,147,45
,,
ROI_16,148,27
,,
ROI_16,149,35
,,
ROI_16,150,36
,,
ROI_16,151,36
,,
ROI_16,152,39
,,
ROI_16,153,37
,,
ROI_16,154,35
,,
ROI_16,155,27
,,
ROI_16,156,40
,,
ROI_16,157,31
,,
ROI_16,158,25
,,
ROI_16,159,20
,,
ROI_16,160,22
,,
ROI_16,161,24
,,
ROI_16,162,25
,,
ROI_16,163,25
,,
ROI_16,164,41
,,
ROI_16,165,28
,,
ROI_16,166,28
,,
ROI_16,167,32
,,
ROI_16,168,19
,,
ROI_16,169,16
,,
ROI_16,170,34
,,
ROI_16,171,20
,,
ROI_16,172,33
,,
ROI_16,173,27
,,
ROI_16,174,23
,,
ROI_16,175,28
,,
ROI_16,176,30
,,
ROI_16,177,25
,,
ROI_16,178,19
,,
ROI_16,179,24
,,
ROI_16,180,28
,,
ROI_16,181,28
,,
ROI_16,182,20
,,
ROI_16,183,33
,,
ROI_16,184,21
,,
ROI_16,185,32
,,
ROI_16,186,33
,,
ROI_16,187,29
,,
ROI_16,188,22
,,
ROI_16,189,26
,,
ROI_16,190,29
,,
ROI_16,191,17
,,
ROI_16,192,20
,,
ROI_16,193,17
,,
ROI_16,194,15
,,
ROI_16,195,20
,,
ROI_16,196,25
,,
ROI_16,197,23
,,
ROI_16,198,26
,,
ROI_16,199,18
,,
ROI_16,200,10
,,
ROI_16,201,18
,,
ROI_16,202,17
,,
ROI_16,203,22
,,
ROI_16,204,11
,,
ROI_16,205,12
,,
ROI_16,206,18
,,
ROI_16,207,21
,,
ROI_16,208,14
,,
ROI_16,209,15
,,
ROI_16,210,16
,,
ROI_16,211,11
,,
ROI_16,212,16
,,
ROI_16,213,16
,,
ROI_16,214,15
,,
ROI_16,215,14
,,
ROI_16,216,16
,,
ROI_16,217,13
,,
ROI_16,218,13
,,
ROI_16,219,16
,,
ROI_16,220,17
,,
ROI_16,221,11
,,
ROI_16,222,14
,,
ROI_16,223,14
,,
ROI_16,224,10
,,
ROI_16,225,20
,,
ROI_16,226,11
,,
ROI_16,227,13
,,
ROI_16,228,5
,,
ROI_16,229,13
,,
ROI_16,230,15
,,
ROI_16,231,14
,,
ROI_16,232,7
,,
ROI_16,233,13
,,
ROI_16,234,10
,,
ROI_16,235,18
,,
ROI_16,236,21
,,
ROI_16,237,16
,,
ROI_16,238,14
,,
ROI_16,239,18
,,
ROI_16,240,10
,,
ROI_16,241,12
,,
ROI_16,242,8
,,
ROI_16,243,15
,,
ROI_16,244,9
,,
ROI_16,245,10
,,
ROI_16,246,9
,,
ROI_16,247,6
,,
ROI_16,248,8
,,
ROI_16,249,9
,,
ROI_16,250,10
,,
ROI_16,251,12
,,
ROI_16,252,12
,,
ROI_16,253,10
,,
ROI_16,254,13
,,
ROI_16,255,1323
,,
ROI_17,0,5758
,,
ROI_17,1,1492
,,
ROI_17,2,1551
,,
ROI_17,3,1076
,,
ROI_17,4,934
,,
ROI_17,5,1011
,,
ROI_17,6,706
,,
ROI_17,7,632
,,
ROI_17,8,688
,,
ROI_17,9,548
,,
ROI_17,10,562
,,
ROI_17,11,532
,,
ROI_17,12,486
,,
ROI_17,13,511
,,
ROI_17,14,426
,,
ROI_17,15,510
,,
ROI_17,16,393
,,
ROI_17,17,409
,,
ROI_17,18,465
,,
ROI_17,19,396
,,
ROI_17,20,312
,,
ROI_17,21,407
,,
ROI_17,22,300
,,
ROI_17,23,275
,,
ROI_17,24,335
,,
ROI_17,25,294
,,
ROI_17,26,217
,,
ROI_17,27,273
,,
ROI_17,28,271
,,
ROI_17,29,249
,,
ROI_17,30,214
,,
ROI_17,31,288
,,
ROI_17,32,217
,,
ROI_17,33,241
,,
ROI_17,34,219
,,
ROI_17,35,195
,,
ROI_17,36,179
,,
ROI_17,37,200
,,
ROI_17,38,186
,,
ROI_17,39,169
,,
ROI_17,40,152
,,
ROI_17,41,214
,,
ROI_17,42,160
,,
ROI_17,43,172
,,
ROI_17,44,178
,,
ROI_17,45,153
,,
ROI_17,46,162
,,
ROI_17,47,172
,,
ROI_17,48,136
,,
ROI_17,49,158
,,
ROI_17,50,161
,,
ROI_17,51,142
,,
ROI_17,52,135
,,
ROI_17,53,137
,,
ROI_17,54,128
,,
ROI_17,55,123
,,
ROI_17,56,118
,,
ROI_17,57,130
,,
ROI_17,58,108
,,
ROI_17,59,113
,,
ROI_17,60,128
,,
ROI_17,61,119
,,
ROI_17,62,105
,,
ROI_17,63,131
,,
ROI_17,64,95
,,
ROI_17,65,83
,,
ROI_17,66,123
,,
ROI_17,67,94
,,
ROI_17,68,82
,,
ROI_17,69,86
,,
ROI_17,70,113
,,
ROI_17,71,77
,,
ROI_17,72,108
,,
ROI_17,73,106
,,
ROI_17,74,82
,,
ROI_17,75,72
,,
ROI_17,76,97
,,
ROI_17,77,82
,,
ROI_17,78,81
,,
ROI_17,79,89
,,
ROI_17,80,77
,,
ROI_17,81,68
,,
ROI_17,82,53
,,
ROI_17,83,78
,,
ROI_17,84,70
,,
ROI_17,85,73
,,
ROI_17,86,74
,,
ROI_17,87,70
,,
ROI_17,88,65
,,
ROI_17,89,57
,,
ROI_17,90,57
,,
ROI_17,91,62
,,
ROI_17,92,79
,,
ROI_17,93,59
,,
ROI_17,94,51
,,
ROI_17,95,57
,,
ROI_17,96,59
,,
ROI_17,97,51
,,
ROI_17,98,50
,,
ROI_17,99,63
,,
ROI_17,100,42
,,
ROI_17,101,50
,,
ROI_17,102,54
,,
ROI_17,103,51
,,
ROI_17,104,49
,,
ROI_17,105,60
,,
ROI_17,106,38
,,
ROI_17,107,41
,,
ROI_17,108,45
,,
ROI_17,109,58
,,
ROI_17,110,53
,,
ROI_17,111,41
,,
ROI_17,112,39
,,
ROI_17,113,47
,,
ROI_17,114,42
,,
ROI_17,115,39
,,
ROI_17,116,34
,,
ROI_17,117,40
,,
ROI_17,118,48
,,
ROI_17,119,41
,,
ROI_17,120,42
,,
ROI_17,121,32
,,
ROI_17,122,36
,,
ROI_17,123,31
,,
ROI_17,124,30
,,
ROI_17,125,47
,,
ROI_17,126,25
,,
ROI_17,127,27
,,
ROI_17,128,35
,,
ROI_17,129,38
,,
ROI_17,130,23
,,
ROI_17,131,38
,,
ROI_17,132,29
,,
ROI_17,133,22
,,
ROI_17,134,32
,,
ROI_17,135,32
,,
ROI_17,136,24
,,
ROI_17,137,25
,,
ROI_17,138,40
,,
ROI_17,139,22
,,
ROI_17,140,28
,,
ROI_17,141,29
,,
ROI_17,142,24
,,
ROI_17,143,24
,,
ROI_17,144,28
,,
ROI_17,145,21
,,
ROI_17,146,22
,,
ROI_17,147,13
,,
ROI_17,148,22
,,
ROI_17,149,28
,,
ROI_17,150,23
,,
ROI_17,151,32
,,
ROI_17,152,22
,,
ROI_17,153,21
,,
ROI_17,154,22
,,
ROI_17,155,26
,,
ROI_17,156,17
,,
ROI_17,157,19
,,
ROI_17,158,16
,,
ROI_17,159,27
,,
ROI_17,160,19
,,
ROI_17,161,15
,,
ROI_17,162,21
,,
ROI_17,163,16
,,
ROI_17,164,21
,,
ROI_17,165,12
,,
ROI_17,166,16
,,
ROI_17,167,21
,,
ROI_17,168,15
,,
ROI_17,169,22
,,
ROI_17,170,22
,,
ROI_17,171,17
,,
ROI_17,172,22
,,
ROI_17,173,21
,,
ROI_17,174,14
,,
ROI_17,175,15
,,
ROI_17,176,19
,,
ROI_17,177,19
,,
ROI_17,178,12
,,
ROI_17,179,9
,,
ROI_17,180,22
,,
ROI_17,181,13
,,
ROI_17,182,7
,,
ROI_17,183,12
,,
ROI_17,184,13
,,
ROI_17,185,15
,,
ROI_17,186,13
,,
ROI_17,187,17
,,
ROI_17,188,16
,,
ROI_17,189,9
,,
ROI_17,190,12
,,
ROI_17,191,10
,,
ROI_17,192,11
,,
ROI_17,193,18
,,
ROI_17,194,9
,,
ROI_17,195,8
,,
ROI_17,196,17
,,
ROI_17,197,13
,,
ROI_17,198,12
,,
ROI_17,199,11
,,
ROI_17,200,12
,,
ROI_17,201,6
,,
ROI_17,202,13
,,
ROI_17,203,14
,,
ROI_17,204,7
,,
ROI_17,205,9
,,
ROI_17,206,13
,,
ROI_17,207,5
,,
ROI_17,208,12
,,
ROI_17,209,12
,,
ROI_17,210,11
,,
ROI_17,211,10
,,
ROI_17,212,21
,,
ROI_17,213,12
,,
ROI_17,214,14
,,
ROI_17,215,9
,,
ROI_17,216,13
,,
ROI_17,217,11
,,
ROI_17,218,13
,,
ROI_17,219,16
,,
ROI_17,220,7
,,
ROI_17,221,9
,,
ROI_17,222,10
,,
ROI_17,223,7
,,
ROI_17,224,10
,,
ROI_17,225,14
,,
ROI_17,226,5
,,
ROI_17,227,9
,,
ROI_17,228,10
,,
ROI_17,229,4
,,
ROI_17,230,11
,,
ROI_17,231,10
,,
ROI_17,232,6
,,
ROI_17,233,7
,,
ROI_17,234,10
,,
ROI_17,235,6
,,
ROI_17,236,4
,,
ROI_17,237,8
,,
ROI_17,238,13
,,
ROI_17,239,10
,,
ROI_17,240,7
,,
ROI_17,241,6
,,
ROI_17,242,11
,,
ROI_17,243,11
,,
ROI_17,244,6
,,
ROI_17,245,5
,,
ROI_17,246,7
,,
ROI_17,247,8
,,
ROI_17,248,6
,,
ROI_17,249,3
,,
ROI_17,250,5
,,
ROI_17,251,6
,,
ROI_17,252,1
,,
ROI_17,253,5
,,
ROI_17,254,4
,,
ROI_17,255,519
,,
ROI_18,0,390
,,
ROI_18,1,255
,,
ROI_18,2,314
,,
ROI_18,3,296
,,
ROI_18,4,337
,,
ROI_18,5,331
,,
ROI_18,6,236
,,
ROI_18,7,256
,,
ROI_18,8,294
,,
ROI_18,9,259
,,
ROI_18,10,276
,,
ROI_18,11,302
,,
ROI_18,12,251
,,
ROI_18,13,253
,,
ROI_18,14,220
,,
ROI_18,15,298
,,
ROI_18,16,236
,,
ROI_18,17,226
,,
ROI_18,18,293
,,
ROI_18,19,220
,,
ROI_18,20,194
,,
ROI_18,21,226
,,
ROI_18,22,213
,,
ROI_18,23,157
,,
ROI_18,24,238
,,
ROI_18,25,178
,,
ROI_18,26,165
,,
ROI_18,27,159
,,
ROI_18,28,185
,,
ROI_18,29,156
,,
ROI_18,30,170
,,
ROI_18,31,174
,,
ROI_18,32,165
,,
ROI_18,33,145
,,
ROI_18,34,181
,,
ROI_18,35,161
,,
ROI_18,36,136
,,
ROI_18,37,167
,,
ROI_18,38,149
,,
ROI_18,39,123
,,
ROI_18,40,105
,,
ROI_18,41,157
,,
ROI_18,42,134
,,
ROI_18,43,98
,,
ROI_18,44,144
,,
ROI_18,45,132
,,
ROI_18,46,121
,,
ROI_18,47,115
,,
ROI_18,48,115
,,
ROI_18,49,117
,,
ROI_18,50,144
,,
ROI_18,51,112
,,
ROI_18,52,97
,,
ROI_18,53,113
,,
ROI_18,54,103
,,
ROI_18,55,111
,,
ROI_18,56,90
,,
ROI_18,57,93
,,
ROI_18,58,91
,,
ROI_18,59,74
,,
ROI_18,60,95
,,
ROI_18,61,86
,,
ROI_18,62,89
,,
ROI_18,63,91
,,
ROI_18,64,81
,,
ROI_18,65,100
,,
ROI_18,66,104
,,
ROI_18,67,74
,,
ROI_18,68,69
,,
ROI_18,69,72
,,
ROI_18,70,94
,,
ROI_18,71,67
,,
ROI_18,72,59
,,
ROI_18,73,84
,,
ROI_18,74,72
,,
ROI_18,75,67
,,
ROI_18,76,72
,,
ROI_18,77,55
,,
ROI_18,78,76
,,
ROI_18,79,66
,,
ROI_18,80,72
,,
ROI_18,81,68
,,
ROI_18,82,58
,,
ROI_18,83,71
,,
ROI_18,84,57
,,
ROI_18,85,62
,,
ROI_18,86,72
,,
ROI_18,87,52
,,
ROI_18,88,59
,,
ROI_18,89,63
,,
ROI_18,90,53
,,
ROI_18,91,52
,,
ROI_18,92,74
,,
ROI_18,93,51
,,
ROI_18,94,54
,,
ROI_18,95,41
,,
ROI_18,96,65
,,
ROI_18,97,34
,,
ROI_18,98,42
,,
ROI_18,99,55
,,
ROI_18,100,37
,,
ROI_18,101,45
,,
ROI_18,102,44
,,
ROI_18,103,46
,,
ROI_18,104,38
,,
ROI_18,105,38
,,
ROI_18,106,27
,,
ROI_18,107,30
,,
ROI_18,108,30
,,
ROI_18,109,47
,,
ROI_18,110,37
,,
ROI_18,111,40
,,
ROI_18,112,44
,,
ROI_18,113,33
,,
ROI_18,114,38
,,
ROI_18,115,38
,,
ROI_18,116,37
,,
ROI_18,117,32
,,
ROI_18,118,40
,,
ROI_18,119,41
,,
ROI_18,120,21
,,
ROI_18,121,35
,,
ROI_18,122,45
,,
ROI_18,123,24
,,
ROI_18,124,25
,,
ROI_18,125,33
,,
ROI_18,126,26
,,
ROI_18,127,22
,,
ROI_18,128,38
,,
ROI_18,129,29
,,
ROI_18,130,25
,,
ROI_18,131,32
,,
ROI_18,132,29
,,
ROI_18,133,23
,,
ROI_18,134,22
,,
ROI_18,135,26
,,
ROI_18,136,24
,,
ROI_18,137,27
,,
ROI_18,138,30
,,
ROI_18,139,25
,,
ROI_18,140,27
,,
ROI_18,141,25
,,
ROI_18,142,26
,,
ROI_18,143,22
,,
ROI_18,144,32
,,
ROI_18,145,24
,,
ROI_18,146,24
,,
ROI_18,147,26
,,
ROI_18,148,18
,,
ROI_18,149,23
,,
ROI_18,150,20
,,
ROI_18,151,31
,,
ROI_18,152,28
,,
ROI_18,153,16
,,
ROI_18,154,31
,,
ROI_18,155,22
,,
ROI_18,156,15
,,
ROI_18,157,17
,,
ROI_18,158,20
,,
ROI_18,159,18
,,
ROI_18,160,20
,,
ROI_18,161,20
,,
ROI_18,162,8
,,
ROI_18,163,16
,,
ROI_18,164,16
,,
ROI_18,165,17
,,
ROI_18,166,12
,,
ROI_18,167,11
,,
ROI_18,168,14
,,
ROI_18,169,14
,,
ROI_18,170,13
,,
ROI_18,171,14
,,
ROI_18,172,13
,,
ROI_18,173,17
,,
ROI_18,174,10
,,
ROI_18,175,11
,,
ROI_18,176,20
,,
ROI_18,177,16
,,
ROI_18,178,15
,,
ROI_18,179,17
,,
ROI_18,180,31
,,
ROI_18,181,17
,,
ROI_18,182,10
,,
ROI_18,183,11
,,
ROI_18,184,14
,,
ROI_18,185,13
,,
ROI_18,186,22
,,
ROI_18,187,11
,,
ROI_18,188,12
,,
ROI_18,189,11
,,
ROI_18,190,14
,,
ROI_18,191,16
,,
ROI_18,192,13
,,
ROI_18,193,13
,,
ROI_18,194,7
,,
ROI_18,195,8
,,
ROI_18,196,16
,,
ROI_18,197,10
,,
ROI_18,198,11
,,
ROI_18,199,8
,,
ROI_18,200,14
,,
ROI_18,201,11
,,
ROI_18,202,13
,,
ROI_18,203,11
,,
ROI_18,204,8
,,
ROI_18,205,11
,,
ROI_18,206,17
,,
ROI_18,207,10
,,
ROI_18,208,12
,,
ROI_18,209,10
,,
ROI_18,210,14
,,
ROI_18,211,10
,,
ROI_18,212,7
,,
ROI_18,213,14
,,
ROI_18,214,8
,,
ROI_18,215,13
,,
ROI_18,216,8
,,
ROI_18,217,6
,,
ROI_18,218,5
,,
ROI_18,219,9
,,
ROI_18,220,6
,,
ROI_18,221,8
,,
ROI_18,222,12
,,
ROI_18,223,8
,,
ROI_18,224,7
,,
ROI_18,225,9
,,
ROI_18,226,7
,,
ROI_18,227,8
,,
ROI_18,228,11
,,
ROI_18,229,7
,,
ROI_18,230,10
,,
ROI_18,231,13
,,
ROI_18,232,7
,,
ROI_18,233,4
,,
ROI_18,234,9
,,
ROI_18,235,9
,,
ROI_18,236,3
,,
ROI_18,237,7
,,
ROI_18,238,11
,,
ROI_18,239,7
,,
ROI_18,240,7
,,
ROI_18,241,7
,,
ROI_18,242,3
,,
ROI_18,243,3
,,
ROI_18,244,8
,,
ROI_18,245,7
,,
ROI_18,246,5
,,
ROI_18,247,3
,,
ROI_18,248,8
,,
ROI_18,249,5
,,
ROI_18,250,5
,,
ROI_18,251,5
,,
ROI_18,252,9
,,
ROI_18,253,3
,,
ROI_18,254,7
,,
ROI_18,255,635
,,
ROI_19,0,572
,,
ROI_19,1,164
,,
ROI_19,2,129
,,
ROI_19,3,107
,,
ROI_19,4,72
,,
ROI_19,5,68
,,
ROI_19,6,56
,,
ROI_19,7,39
,,
ROI_19,8,62
,,
ROI_19,9,47
,,
ROI_19,10,37
,,
ROI_19,11,39
,,
ROI_19,12,33
,,
ROI_19,13,28
,,
ROI_19,14,30
,,
ROI_19,15,33
,,
ROI_19,16,10
,,
ROI_19,17,18
,,
ROI_19,18,27
,,
ROI_19,19,15
,,
ROI_19,20,17
,,
ROI_19,21,27
,,
ROI_19,22,20
,,
ROI_19,23,17
,,
ROI_19,24,21
,,
ROI_19,25,8
,,
ROI_19,26,18
,,
ROI_19,27,15
,,
ROI_19,28,16
,,
ROI_19,29,15
,,
ROI_19,30,17
,,
ROI_19,31,8
,,
ROI_19,32,10
,,
ROI_19,33,12
,,
ROI_19,34,12
,,
ROI_19,35,10
,,
ROI_19,36,5
,,
ROI_19,37,7
,,
ROI_19,38,15
,,
ROI_19,39,7
,,
ROI_19,40,7
,,
ROI_19,41,8
,,
ROI_19,42,16
,,
ROI_19,43,12
,,
ROI_19,44,11
,,
ROI_19,45,11
,,
ROI_19,46,8
,,
ROI_19,47,5
,,
ROI_19,48,11
,,
ROI_19,49,10
,,
ROI_19,50,7
,,
ROI_19,51,7
,,
ROI_19,52,1
,,
ROI_19,53,5
,,
ROI_19,54,4
,,
ROI_19,55,8
,,
ROI_19,56,7
,,
ROI_19,57,9
,,
ROI_19,58,7
,,
ROI_19,59,4
,,
ROI_19,60,10
,,
ROI_19,61,9
,,
ROI_19,62,6
,,
ROI_19,63,8
,,
ROI_19,64,3
,,
ROI_19,65,5
,,
ROI_19,66,9
,,
ROI_19,67,6
,,
ROI_19,68,6
,,
ROI_19,69,5
,,
ROI_19,70,4
,,
ROI_19,71,8
,,
ROI_19,72,8
,,
ROI_19,73,7
,,
ROI_19,74,5
,,
ROI_19,75,7
,,
ROI_19,76,5
,,
ROI_19,77,4
,,
ROI_19,78,8
,,
ROI_19,79,6
,,
ROI_19,80,4
,,
ROI_19,81,3
,,
ROI_19,82,4
,,
ROI_19,83,3
,,
ROI_19,84,3
,,
ROI_19,85,2
,,
ROI_19,86,4
,,
ROI_19,87,3
,,
ROI_19,88,1
,,
ROI_19,89,5
,,
ROI_19,90,2
,,
ROI_19,91,3
,,
ROI_19,92,1
,,
ROI_19,93,5
,,
ROI_19,94,6
,,
ROI_19,95,6
,,
ROI_19,96,6
,,
ROI_19,97,5
,,
ROI_19,98,3
,,
ROI_19,99,1
,,
ROI_19,100,0
,,
ROI_19,101,3
,,
ROI_19,102,5
,,
ROI_19,103,2
,,
ROI_19,104,1
,,
ROI_19,105,2
,,
ROI_19,106,3
,,
ROI_19,107,5
,,
ROI_19,108,3
,,
ROI_19,109,5
,,
ROI_19,110,3
,,
ROI_19,111,3
,,
ROI_19,112,4
,,
ROI_19,113,5
,,
ROI_19,114,2
,,
ROI_19,115,2
,,
ROI_19,116,2
,,
ROI_19,117,1
,,
ROI_19,118,4
,,
ROI_19,119,3
,,
ROI_19,120,2
,,
ROI_19,121,2
,,
ROI_19,122,3
,,
ROI_19,123,1
,,
ROI_19,124,2
,,
ROI_19,125,4
,,
ROI_19,126,2
,,
ROI_19,127,1
,,
ROI_19,128,3
,,
ROI_19,129,3
,,
ROI_19,130,2
,,
ROI_19,131,2
,,
ROI_19,132,1
,,
ROI_19,133,2
,,
ROI_19,134,2
,,
ROI_19,135,5
,,
ROI_19,136,3
,,
ROI_19,137,2
,,
ROI_19,138,3
,,
ROI_19,139,2
,,
ROI_19,140,1
,,
ROI_19,141,2
,,
ROI_19,142,4
,,
ROI_19,143,3
,,
ROI_19,144,2
,,
ROI_19,145,1
,,
ROI_19,146,1
,,
ROI_19,147,0
,,
ROI_19,148,5
,,
ROI_19,149,2
,,
ROI_19,150,1
,,
ROI_19,151,1
,,
ROI_19,152,1
,,
ROI_19,153,1
,,
ROI_19,154,2
,,
ROI_19,155,1
,,
ROI_19,156,3
,,
ROI_19,157,2
,,
ROI_19,158,0
,,
ROI_19,159,1
,,
ROI_19,160,0
,,
ROI_19,161,2
,,
ROI_19,162,1
,,
ROI_19,163,2
,,
ROI_19,164,0
,,
ROI_19,165,1
,,
ROI_19,166,1
,,
ROI_19,167,2
,,
ROI_19,168,4
,,
ROI_19,169,3
,,
ROI_19,170,4
,,
ROI_19,171,1
,,
ROI_19,172,0
,,
ROI_19,173,2
,,
ROI_19,174,0
,,
ROI_19,175,2
,,
ROI_19,176,0
,,
ROI_19,177,2
,,
ROI_19,178,0
,,
ROI_19,179,0
,,
ROI_19,180,3
,,
ROI_19,181,2
,,
ROI_19,182,3
,,
ROI_19,183,2
,,
ROI_19,184,2
,,
ROI_19,185,1
,,
ROI_19,186,1
,,
ROI_19,187,0
,,
ROI_19,188,0
,,
ROI_19,189,0
,,
ROI_19,190,3
,,
ROI_19,191,2
,,
ROI_19,192,1
,,
ROI_19,193,2
,,
ROI_19,194,1
,,
ROI_19,195,2
,,
ROI_19,196,5
,,
ROI_19,197,0
,,
ROI_19,198,0
,,
ROI_19,199,1
,,
ROI_19,200,0
,,
ROI_19,201,0
,,
ROI_19,202,1
,,
ROI_19,203,3
,,
ROI_19,204,0
,,
ROI_19,205,1
,,
ROI_19,206,2
,,
ROI_19,207,0
,,
ROI_19,208,2
,,
ROI_19,209,4
,,
ROI_19,210,3
,,
ROI_19,211,2
,,
ROI_19,212,1
,,
ROI_19,213,0
,,
ROI_19,214,1
,,
ROI_19,215,1
,,
ROI_19,216,3
,,
ROI_19,217,0
,,
ROI_19,218,2
,,
ROI_19,219,1
,,
ROI_19,220,2
,,
ROI_19,221,0
,,
ROI_19,222,1
,,
ROI_19,223,0
,,
ROI_19,224,3
,,
ROI_19,225,1
,,
ROI_19,226,2
,,
ROI_19,227,0
,,
ROI_19,228,1
,,
ROI_19,229,4
,,
ROI_19,230,0
,,
ROI_19,231,0
,,
ROI_19,232,0
,,
ROI_19,233,2
,,
ROI_19,234,2
,,
ROI_19,235,1
,,
ROI_19,236,1
,,
ROI_19,237,0
,,
ROI_19,238,3
,,
ROI_19,239,0
,,
ROI_19,240,2
,,
ROI_19,241,3
,,
ROI_19,242,1
,,
ROI_19,243,0
,,
ROI_19,244,1
,,
ROI_19,245,3
,,
ROI_19,246,1
,,
ROI_19,247,1
,,
ROI_19,248,0
,,
ROI_19,249,2
,,
ROI_19,250,1
,,
ROI_19,251,0
,,
ROI_19,252,0
,,
ROI_19,253,0
,,
ROI_19,254,0
,,
ROI_19,255,70